masked_lon,masked_lat,TigacellID,est,se
-0.25,38.5,-0.25_38.5,0,0
-0.25,38.650000000000006,-0.25_38.65,0,0
-0.25,38.95,-0.25_38.95,0,0
-0.25,39.1,-0.25_39.1,0,0
-0.25,39.2,-0.25_39.2,0,0
-0.25,39.650000000000006,-0.25_39.65,0.12075,0.02266497741453102
-0.25,39.7,-0.25_39.7,0,0
-0.25,39.75,-0.25_39.75,0,0
-0.25,39.8,-0.25_39.8,0,0
-0.25,39.900000000000006,-0.25_39.9,0,0
-0.25,40.650000000000006,-0.25_40.65,0,0
-0.25,41.75,-0.25_41.75,0,0
-0.25,42.1,-0.25_42.1,0,0
-0.25,42.75,-0.25_42.75,0,0
-0.5,38.35,-0.5_38.35,0,0
-0.5,38.400000000000006,-0.5_38.4,0,0
-0.5,38.5,-0.5_38.5,0,0
-0.5,38.55,-0.5_38.55,0,0
-0.5,38.7,-0.5_38.7,0,0
-0.5,38.900000000000006,-0.5_38.9,0,0
-0.5,39,-0.5_39,0,0
-0.5,39.05,-0.5_39.05,0,0
-0.5,39.2,-0.5_39.2,0,0
-0.5,39.25,-0.5_39.25,0,0
-0.5,39.35,-0.5_39.35,0,0
-0.5,39.400000000000006,-0.5_39.4,0.36224999999999996,0.06799493224359306
-0.5,39.45,-0.5_39.45,0,0
-0.5,39.5,-0.5_39.5,0.36224999999999996,0.06799493224359306
-0.5,39.55,-0.5_39.55,0,0
-0.5,39.6,-0.5_39.6,0,0
-0.5,39.650000000000006,-0.5_39.65,0,0
-0.5,39.85,-0.5_39.85,0,0
-0.5,41.400000000000006,-0.5_41.4,0,0
-0.5,41.8,-0.5_41.8,0,0
-0.5,42.8,-0.5_42.8,0,0
-0.75,37.6,-0.75_37.6,0,0
-0.75,37.9,-0.75_37.9,0,0
-0.75,37.95,-0.75_37.95,0,0
-0.75,38.05,-0.75_38.05,0,0
-0.75,38.1,-0.75_38.1,0,0
-0.75,38.25,-0.75_38.25,0,0
-0.75,38.3,-0.75_38.3,0,0
-0.75,38.35,-0.75_38.35,0,0
-0.75,38.400000000000006,-0.75_38.4,0,0
-0.75,38.95,-0.75_38.95,0,0
-0.75,39.05,-0.75_39.05,0,0
-0.75,39.1,-0.75_39.1,0,0
-0.75,39.45,-0.75_39.45,0.12075,0.02266497741453102
-0.75,39.6,-0.75_39.6,0,0
-0.75,39.650000000000006,-0.75_39.65,0,0
-0.75,40.1,-0.75_40.1,0,0
-0.75,41.55,-0.75_41.55,0,0
-0.75,42.55,-0.75_42.55,0,0
-1,37.6,-1_37.6,0,0
-1,37.7,-1_37.7,0,0
-1,38,-1_38,0,0
-1,38.05,-1_38.05,0,0
-1,38.1,-1_38.1,0,0
-1,38.3,-1_38.3,0,0
-1,38.400000000000006,-1_38.4,0,0
-1,38.7,-1_38.7,0,0
-1,39.45,-1_39.45,0,0
-1,39.75,-1_39.75,0,0
-1,40.2,-1_40.2,0,0
-1,40.7,-1_40.7,0,0
-1,41.650000000000006,-1_41.65,0,0
-1,41.7,-1_41.7,0,0
-1.05,37.6,-1.05_37.6,0,0
-1.05,37.65,-1.05_37.65,0,0
-1.05,37.75,-1.05_37.75,0,0
-1.05,37.85,-1.05_37.85,0,0
-1.05,38,-1.05_38,0,0
-1.05,38.05,-1.05_38.05,0,0
-1.05,38.1,-1.05_38.1,0,0
-1.05,38.2,-1.05_38.2,0,0
-1.05,38.35,-1.05_38.35,0,0
-1.05,38.400000000000006,-1.05_38.4,0,0
-1.05,40.1,-1.05_40.1,0,0
-1.05,41.6,-1.05_41.6,0,0
-1.05,41.7,-1.05_41.7,0,0
-1.05,42.1,-1.05_42.1,0,0
-1.1,37.7,-1.1_37.7,0,0
-1.1,37.8,-1.1_37.8,0,0
-1.1,37.85,-1.1_37.85,0,0
-1.1,37.95,-1.1_37.95,0.10944444444444444,0.013512586628947554
-1.1,38,-1.1_38,0,0
-1.1,38.05,-1.1_38.05,0,0
-1.1,38.85,-1.1_38.85,0,0
-1.1,39.150000000000006,-1.1_39.15,0,0
-1.1,39.85,-1.1_39.85,0,0
-1.1,41.75,-1.1_41.75,0,0
-1.1,42.8,-1.1_42.8,0,0
-1.1,42.900000000000006,-1.1_42.9,0,0
-1.15,37.85,-1.15_37.85,0,0
-1.15,37.9,-1.15_37.9,0,0
-1.15,37.95,-1.15_37.95,0,0
-1.15,38,-1.15_38,0.3283333333333333,0.04053775988684266
-1.15,38.400000000000006,-1.15_38.4,0,0
-1.15,38.5,-1.15_38.5,0,0
-1.15,39.5,-1.15_39.5,0,0
-1.15,39.900000000000006,-1.15_39.9,0,0
-1.15,40.35,-1.15_40.35,0,0
-1.15,41.75,-1.15_41.75,0,0
-1.15,42.1,-1.15_42.1,0,0
-1.15,42.35,-1.15_42.35,0,0
-1.2000000000000002,37.65,-1.2_37.65,0,0
-1.2000000000000002,37.7,-1.2_37.7,0,0
-1.2000000000000002,37.9,-1.2_37.9,0,0
-1.2000000000000002,37.95,-1.2_37.95,0.10944444444444444,0.013512586628947554
-1.2000000000000002,38,-1.2_38,0,0
-1.2000000000000002,38.05,-1.2_38.05,0.10944444444444444,0.013512586628947554
-1.2000000000000002,38.35,-1.2_38.35,0,0
-1.2000000000000002,39.55,-1.2_39.55,0,0
-1.2000000000000002,41.55,-1.2_41.55,0,0
-1.2000000000000002,41.7,-1.2_41.7,0,0
-1.2000000000000002,41.75,-1.2_41.75,0,0
-1.2000000000000002,42.05,-1.2_42.05,0,0
-1.25,37.9,-1.25_37.9,0,0
-1.25,37.95,-1.25_37.95,0.10944444444444444,0.013512586628947554
-1.25,38,-1.25_38,0.10944444444444444,0.013512586628947554
-1.25,38.05,-1.25_38.05,0,0
-1.25,38.1,-1.25_38.1,0,0
-1.25,38.45,-1.25_38.45,0,0
-1.25,39.55,-1.25_39.55,0,0
-1.25,40.45,-1.25_40.45,0,0
-1.25,41.2,-1.25_41.2,0,0
-1.25,41.55,-1.25_41.55,0,0
-1.25,42.900000000000006,-1.25_42.9,0,0
-1.25,43,-1.25_43,0,0
-1.3,37.55,-1.3_37.55,0,0
-1.3,37.9,-1.3_37.9,0,0
-1.3,38.05,-1.3_38.05,0,0
-1.3,38.1,-1.3_38.1,0,0
-1.3,39.2,-1.3_39.2,0,0
-1.3,40.05,-1.3_40.05,0,0
-1.3,40.55,-1.3_40.55,0,0
-1.3,40.6,-1.3_40.6,0,0
-1.3,40.900000000000006,-1.3_40.9,0,0
-1.3,41.05,-1.3_41.05,0,0
-1.3,41.150000000000006,-1.3_41.15,0,0
-1.3,41.400000000000006,-1.3_41.4,0,0
-1.3,41.6,-1.3_41.6,0,0
-1.3,42.6,-1.3_42.6,0,0
-1.3,42.900000000000006,-1.3_42.9,0,0
-1.35,37.9,-1.35_37.9,0,0
-1.35,38,-1.35_38,0,0
-1.35,38.2,-1.35_38.2,0,0
-1.35,38.45,-1.35_38.45,0,0
-1.35,39.3,-1.35_39.3,0,0
-1.35,39.5,-1.35_39.5,0,0
-1.35,41.05,-1.35_41.05,0,0
-1.35,41.5,-1.35_41.5,0,0
-1.4,37.85,-1.4_37.85,0,0
-1.4,38.2,-1.4_38.2,0,0
-1.4,39.150000000000006,-1.4_39.15,0,0
-1.4,39.25,-1.4_39.25,0,0
-1.4500000000000002,37.8,-1.45_37.8,0,0
-1.4500000000000002,37.85,-1.45_37.85,0.10944444444444444,0.013512586628947554
-1.4500000000000002,38.25,-1.45_38.25,0,0
-1.4500000000000002,39.150000000000006,-1.45_39.15,0,0
-1.4500000000000002,39.7,-1.45_39.7,0,0
-1.4500000000000002,40.400000000000006,-1.45_40.4,0,0
-1.4500000000000002,40.95,-1.45_40.95,0,0
-1.4500000000000002,42.650000000000006,-1.45_42.65,0,0
-1.4500000000000002,42.95,-1.45_42.95,0,0
-1.5,37.45,-1.5_37.45,0,0
-1.5,37.75,-1.5_37.75,0,0
-1.5,38.3,-1.5_38.3,0,0
-1.5,40.5,-1.5_40.5,0,0
-1.5,40.75,-1.5_40.75,0,0
-1.5,41.400000000000006,-1.5_41.4,0,0
-1.5,41.45,-1.5_41.45,0,0
-1.5,42,-1.5_42,0,0
-1.5,42.7,-1.5_42.7,0,0
-1.5,43.150000000000006,-1.5_43.15,0,0
-1.55,37.8,-1.55_37.8,0,0
-1.55,39.2,-1.55_39.2,0,0
-1.55,39.25,-1.55_39.25,0,0
-1.55,42.35,-1.55_42.35,0,0
-1.55,42.7,-1.55_42.7,0,0
-1.6,37.4,-1.6_37.4,0,0
-1.6,37.7,-1.6_37.7,0,0
-1.6,39.5,-1.6_39.5,0,0
-1.6,40.5,-1.6_40.5,0,0
-1.6,41.5,-1.6_41.5,0,0
-1.6,42,-1.6_42,0,0
-1.6,42.150000000000006,-1.6_42.15,0,0
-1.6,42.400000000000006,-1.6_42.4,0,0
-1.6,42.55,-1.6_42.55,0,0
-1.6,42.8,-1.6_42.8,0,0
-1.65,37.45,-1.65_37.45,0,0
-1.65,37.5,-1.65_37.5,0,0
-1.65,37.55,-1.65_37.55,0,0
-1.65,37.7,-1.65_37.7,0,0
-1.65,38.05,-1.65_38.05,0,0
-1.65,38.5,-1.65_38.5,0,0
-1.65,39.5,-1.65_39.5,0,0
-1.65,40.55,-1.65_40.55,0,0
-1.65,40.6,-1.65_40.6,0,0
-1.65,41.35,-1.65_41.35,0,0
-1.65,42.05,-1.65_42.05,0,0
-1.65,42.35,-1.65_42.35,0,0
-1.65,42.75,-1.65_42.75,0,0
-1.65,42.8,-1.65_42.8,0,0
-1.7000000000000002,37.35,-1.7_37.35,0,0
-1.7000000000000002,37.6,-1.7_37.6,0,0
-1.7000000000000002,37.65,-1.7_37.65,0,0
-1.7000000000000002,38.5,-1.7_38.5,0,0
-1.7000000000000002,41.25,-1.7_41.25,0,0
-1.7000000000000002,41.8,-1.7_41.8,0,0
-1.7000000000000002,42,-1.7_42,0,0
-1.7000000000000002,42.05,-1.7_42.05,0,0
-1.7000000000000002,42.25,-1.7_42.25,0,0
-1.7000000000000002,42.5,-1.7_42.5,0,0
-1.7000000000000002,42.8,-1.7_42.8,0,0
-1.7000000000000002,43.150000000000006,-1.7_43.15,0,0
-1.7000000000000002,43.25,-1.7_43.25,0,0
-1.75,37.4,-1.75_37.4,0,0
-1.75,37.6,-1.75_37.6,0,0
-1.75,38.2,-1.75_38.2,0,0
-1.75,38.8,-1.75_38.8,0,0
-1.75,38.900000000000006,-1.75_38.9,0,0
-1.75,40.2,-1.75_40.2,0,0
-1.75,41.85,-1.75_41.85,0,0
-1.75,41.900000000000006,-1.75_41.9,0,0
-1.75,42.7,-1.75_42.7,0,0
-1.8,38.85,-1.8_38.85,0,0
-1.8,41.3,-1.8_41.3,0,0
-1.8,42.1,-1.8_42.1,0,0
-1.8,42.8,-1.8_42.8,0,0
-1.8,43.35,-1.8_43.35,0,0
-1.85,37.15,-1.85_37.15,0,0
-1.85,38.1,-1.85_38.1,0,0
-1.85,38.2,-1.85_38.2,0,0
-1.85,39.1,-1.85_39.1,0,0
-1.85,40.35,-1.85_40.35,0,0
-1.85,42.55,-1.85_42.55,0,0
-1.85,42.650000000000006,-1.85_42.65,0,0
-1.85,42.900000000000006,-1.85_42.9,0,0
-1.85,43.3,-1.85_43.3,0,0
-1.9,37,-1.9_37,0,0
-1.9,37.2,-1.9_37.2,0,0
-1.9,37.3,-1.9_37.3,0,0
-1.9,37.6,-1.9_37.6,0,0
-1.9,38.05,-1.9_38.05,0,0
-1.9,38.1,-1.9_38.1,0,0
-1.9,38.95,-1.9_38.95,0,0
-1.9,39,-1.9_39,0,0
-1.9,39.55,-1.9_39.55,0,0
-1.9,40.400000000000006,-1.9_40.4,0,0
-1.9,42.35,-1.9_42.35,0,0
-1.9,42.900000000000006,-1.9_42.9,0,0
-1.9,43,-1.9_43,0,0
-1.9,43.3,-1.9_43.3,0,0
-1.95,37.15,-1.95_37.15,0,0
-1.95,37.35,-1.95_37.35,0,0
-1.95,37.4,-1.95_37.4,0,0
-1.95,39.05,-1.95_39.05,0,0
-1.95,39.5,-1.95_39.5,0,0
-1.95,41.55,-1.95_41.55,0,0
-1.95,41.85,-1.95_41.85,0,0
-1.95,43.25,-1.95_43.25,0,0
-1.95,43.3,-1.95_43.3,0,0
-13.5,29,-13.5_29,0,0
-13.5,29.05,-13.5_29.05,0,0
-13.5,29.15,-13.5_29.15,0,0
-13.6,28.950000000000003,-13.6_28.95,0,0
-13.65,28.950000000000003,-13.65_28.95,0,0
-13.65,29.1,-13.65_29.1,0,0
-13.75,28.950000000000003,-13.75_28.95,0,0
-13.8,28.85,-13.8_28.85,0,0
-13.85,28.65,-13.85_28.65,0,0
-13.85,28.700000000000003,-13.85_28.7,0,0
-13.85,28.85,-13.85_28.85,0,0
-13.9,28.5,-13.9_28.5,0,0
-13.95,28.35,-13.95_28.35,0,0
-13.95,28.6,-13.95_28.6,0,0
-14,28.450000000000003,-14_28.45,0,0
-14.05,28.3,-14.05_28.3,0,0
-14.05,28.55,-14.05_28.55,0,0
-14.25,28.15,-14.25_28.15,0,0
-14.35,28.05,-14.35_28.05,0,0
-15.4,27.85,-15.4_27.85,0,0
-15.4,27.950000000000003,-15.4_27.95,0,0
-15.4,28,-15.4_28,0,0
-15.45,27.85,-15.45_27.85,0,0
-15.45,27.9,-15.45_27.9,0,0
-15.45,28.05,-15.45_28.05,0,0
-15.45,28.1,-15.45_28.1,0,0
-15.45,28.15,-15.45_28.15,0,0
-15.5,28.05,-15.5_28.05,0,0
-15.5,28.1,-15.5_28.1,0,0
-15.55,27.9,-15.55_27.9,0,0
-15.55,28.05,-15.55_28.05,0,0
-15.55,28.1,-15.55_28.1,0,0
-15.6,27.75,-15.6_27.75,0,0
-15.6,27.9,-15.6_27.9,0,0
-15.6,28.1,-15.6_28.1,0,0
-15.65,27.950000000000003,-15.65_27.95,0,0
-15.65,28.1,-15.65_28.1,0,0
-15.7,28.15,-15.7_28.15,0,0
-15.75,27.8,-15.75_27.8,0,0
-16.2,28.5,-16.2_28.5,0,0
-16.3,28.450000000000003,-16.3_28.45,0,0
-16.35,28.4,-16.35_28.4,0,0
-16.400000000000002,28.35,-16.4_28.35,0,0
-16.45,28.450000000000003,-16.45_28.45,0,0
-16.55,28.4,-16.55_28.4,0,0
-16.6,28.1,-16.6_28.1,0,0
-16.650000000000002,28,-16.65_28,0,0
-16.650000000000002,28.25,-16.65_28.25,0,0
-16.7,28.05,-16.7_28.05,0,0
-16.7,28.35,-16.7_28.35,0,0
-16.75,28.1,-16.75_28.1,0,0
-16.75,28.35,-16.75_28.35,0,0
-16.8,28.200000000000003,-16.8_28.2,0,0
-16.85,28.35,-16.85_28.35,0,0
-17.25,28.05,-17.25_28.05,0,0
-17.8,28.65,-17.8_28.65,0,0
-17.900000000000002,28.6,-17.9_28.6,0,0
-17.900000000000002,28.65,-17.9_28.65,0,0
-17.95,28.65,-17.95_28.65,0,0
-2,37.35,-2_37.35,0,0
-2,37.4,-2_37.4,0,0
-2,39.8,-2_39.8,0,0
-2,40.2,-2_40.2,0,0
-2,40.900000000000006,-2_40.9,0,0
-2,41.95,-2_41.95,0,0
-2,42.55,-2_42.55,0,0
-2,42.650000000000006,-2_42.65,0,0
-2,42.95,-2_42.95,0,0
-2,43.25,-2_43.25,0,0
-2,43.3,-2_43.3,0,0
-2.0500000000000003,36.85,-2.05_36.85,0,0
-2.0500000000000003,37.35,-2.05_37.35,0,0
-2.0500000000000003,38.45,-2.05_38.45,0,0
-2.0500000000000003,40.150000000000006,-2.05_40.15,0,0
-2.0500000000000003,41.05,-2.05_41.05,0,0
-2.0500000000000003,41.3,-2.05_41.3,0,0
-2.0500000000000003,42.650000000000006,-2.05_42.65,0,0
-2.0500000000000003,43.2,-2.05_43.2,0,0
-2.0500000000000003,43.3,-2.05_43.3,0,0
-2.1,38.900000000000006,-2.1_38.9,0,0
-2.1,39.45,-2.1_39.45,0,0
-2.1,40,-2.1_40,0,0
-2.1,42.35,-2.1_42.35,0,0
-2.1,42.400000000000006,-2.1_42.4,0,0
-2.1,43.1,-2.1_43.1,0,0
-2.15,37.35,-2.15_37.35,0,0
-2.15,39.2,-2.15_39.2,0,0
-2.15,40.05,-2.15_40.05,0,0
-2.15,41.2,-2.15_41.2,0,0
-2.15,41.8,-2.15_41.8,0,0
-2.15,43.25,-2.15_43.25,0,0
-2.2,36.95,-2.2_36.95,0,0
-2.2,41.25,-2.2_41.25,0,0
-2.2,43.05,-2.2_43.05,0,0
-2.2,43.1,-2.2_43.1,0,0
-2.25,36.85,-2.25_36.85,0,0
-2.25,38.75,-2.25_38.75,0,0
-2.25,39.5,-2.25_39.5,0,0
-2.25,40.45,-2.25_40.45,0,0
-2.25,42.2,-2.25_42.2,0,0
-2.25,42.400000000000006,-2.25_42.4,0,0
-2.25,42.7,-2.25_42.7,0,0
-2.25,43,-2.25_43,0,0
-2.25,43.05,-2.25_43.05,0,0
-2.25,43.150000000000006,-2.25_43.15,0,0
-2.3000000000000003,36.85,-2.3_36.85,0,0
-2.3000000000000003,39.55,-2.3_39.55,0,0
-2.3000000000000003,39.6,-2.3_39.6,0,0
-2.3000000000000003,41.2,-2.3_41.2,0,0
-2.3000000000000003,42.3,-2.3_42.3,0,0
-2.3000000000000003,42.85,-2.3_42.85,0,0
-2.3000000000000003,43.150000000000006,-2.3_43.15,0,0
-2.35,36.85,-2.35_36.85,0,0
-2.35,40.5,-2.35_40.5,0,0
-2.35,42.400000000000006,-2.35_42.4,0,0
-2.35,42.45,-2.35_42.45,0,0
-2.35,42.650000000000006,-2.35_42.65,0,0
-2.35,43,-2.35_43,0,0
-2.35,43.05,-2.35_43.05,0,0
-2.35,43.25,-2.35_43.25,0,0
-2.4000000000000004,38.5,-2.4_38.5,0,0
-2.4000000000000004,39.7,-2.4_39.7,0,0
-2.4000000000000004,40.35,-2.4_40.35,0,0
-2.4000000000000004,42.45,-2.4_42.45,0,0
-2.4000000000000004,43.1,-2.4_43.1,0,0
-2.4000000000000004,43.25,-2.4_43.25,0,0
-2.4000000000000004,43.3,-2.4_43.3,0,0
-2.45,36.85,-2.45_36.85,0,0
-2.45,39.400000000000006,-2.45_39.4,0,0
-2.45,39.75,-2.45_39.75,0,0
-2.45,41.05,-2.45_41.05,0,0
-2.45,42.45,-2.45_42.45,0,0
-2.45,43.05,-2.45_43.05,0,0
-2.45,43.3,-2.45_43.3,0,0
-2.5,39.35,-2.5_39.35,0,0
-2.5,40.400000000000006,-2.5_40.4,0,0
-2.5,41.75,-2.5_41.75,0,0
-2.5,42.45,-2.5_42.45,0,0
-2.5,42.6,-2.5_42.6,0,0
-2.5,43.05,-2.5_43.05,0,0
-2.5,43.25,-2.5_43.25,0,0
-2.5500000000000003,37.2,-2.55_37.2,0,0
-2.5500000000000003,37.35,-2.55_37.35,0,0
-2.5500000000000003,38.95,-2.55_38.95,0,0
-2.5500000000000003,40.45,-2.55_40.45,0,0
-2.5500000000000003,41,-2.55_41,0,0
-2.5500000000000003,41.8,-2.55_41.8,0,0
-2.5500000000000003,42.900000000000006,-2.55_42.9,0,0
-2.5500000000000003,43.05,-2.55_43.05,0,0
-2.6,36.8,-2.6_36.8,0,0
-2.6,36.95,-2.6_36.95,0,0
-2.6,37.1,-2.6_37.1,0,0
-2.6,39.25,-2.6_39.25,0,0
-2.6,39.85,-2.6_39.85,0,0
-2.6,42.400000000000006,-2.6_42.4,0,0
-2.6,42.900000000000006,-2.6_42.9,0,0
-2.6,43.150000000000006,-2.6_43.15,0,0
-2.6500000000000004,36.7,-2.65_36.7,0,0
-2.6500000000000004,36.75,-2.65_36.75,0,0
-2.6500000000000004,40.95,-2.65_40.95,0,0
-2.6500000000000004,41.05,-2.65_41.05,0,0
-2.6500000000000004,42.45,-2.65_42.45,0,0
-2.6500000000000004,42.8,-2.65_42.8,0,0
-2.6500000000000004,42.85,-2.65_42.85,0,0
-2.6500000000000004,43.150000000000006,-2.65_43.15,0,0
-2.6500000000000004,43.35,-2.65_43.35,0,0
-2.7,36.7,-2.7_36.7,0,0
-2.7,36.8,-2.7_36.8,0,0
-2.7,40.55,-2.7_40.55,0,0
-2.7,42.400000000000006,-2.7_42.4,0,0
-2.7,42.6,-2.7_42.6,0,0
-2.7,42.8,-2.7_42.8,0,0
-2.7,42.85,-2.7_42.85,0,0
-2.7,43.05,-2.7_43.05,0,0
-2.7,43.3,-2.7_43.3,0,0
-2.75,40.55,-2.75_40.55,0,0
-2.75,42.400000000000006,-2.75_42.4,0,0
-2.75,42.5,-2.75_42.5,0,0
-2.75,42.900000000000006,-2.75_42.9,0,0
-2.75,43.2,-2.75_43.2,0,0
-2.75,43.400000000000006,-2.75_43.4,0,0
-2.8000000000000003,36.7,-2.8_36.7,0,0
-2.8000000000000003,36.75,-2.8_36.75,0,0
-2.8000000000000003,36.8,-2.8_36.8,0,0
-2.8000000000000003,39.900000000000006,-2.8_39.9,0,0
-2.8000000000000003,40.5,-2.8_40.5,0,0
-2.8000000000000003,43.150000000000006,-2.8_43.15,0,0
-2.85,36.7,-2.85_36.7,0,0
-2.85,36.75,-2.85_36.75,0,0
-2.85,37.15,-2.85_37.15,0,0
-2.85,39.85,-2.85_39.85,0,0
-2.85,40.3,-2.85_40.3,0,0
-2.85,43.35,-2.85_43.35,0,0
-2.9000000000000004,36.75,-2.9_36.75,0,0
-2.9000000000000004,40.5,-2.9_40.5,0,0
-2.9000000000000004,40.75,-2.9_40.75,0,0
-2.9000000000000004,41.45,-2.9_41.45,0,0
-2.9000000000000004,42.55,-2.9_42.55,0,0
-2.9000000000000004,42.8,-2.9_42.8,0,0
-2.9000000000000004,42.95,-2.9_42.95,0,0
-2.9000000000000004,43,-2.9_43,0,0
-2.9000000000000004,43.2,-2.9_43.2,0,0
-2.9000000000000004,43.25,-2.9_43.25,0,0
-2.95,39.400000000000006,-2.95_39.4,0,0
-2.95,42.45,-2.95_42.45,0,0
-2.95,42.5,-2.95_42.5,0,0
-2.95,43.05,-2.95_43.05,0,0
-2.95,43.150000000000006,-2.95_43.15,0,0
-2.95,43.25,-2.95_43.25,0,0
-2.95,43.3,-2.95_43.3,0,0
-2.95,43.400000000000006,-2.95_43.4,0,0
-3,36.75,-3_36.75,0,0
-3,42.35,-3_42.35,0,0
-3,42.7,-3_42.7,0,0
-3,42.75,-3_42.75,0,0
-3,43.25,-3_43.25,0,0
-3,43.3,-3_43.3,0,0
-3,43.35,-3_43.35,0,0
-3.0500000000000003,36.75,-3.05_36.75,0,0
-3.0500000000000003,37,-3.05_37,0,0
-3.0500000000000003,39.150000000000006,-3.05_39.15,0,0
-3.0500000000000003,39.400000000000006,-3.05_39.4,0,0
-3.0500000000000003,40,-3.05_40,0,0
-3.0500000000000003,40.7,-3.05_40.7,0,0
-3.0500000000000003,41.650000000000006,-3.05_41.65,0,0
-3.0500000000000003,41.7,-3.05_41.7,0,0
-3.0500000000000003,41.95,-3.05_41.95,0,0
-3.0500000000000003,42.8,-3.05_42.8,0,0
-3.0500000000000003,43.3,-3.05_43.3,0,0
-3.1,37.15,-3.1_37.15,0,0
-3.1,37.25,-3.1_37.25,0,0
-3.1,37.75,-3.1_37.75,0,0
-3.1,37.85,-3.1_37.85,0,0
-3.1,40.5,-3.1_40.5,0,0
-3.1,41.55,-3.1_41.55,0,0
-3.1,42.1,-3.1_42.1,0,0
-3.1,42.8,-3.1_42.8,0,0
-3.1,43.3,-3.1_43.3,0,0
-3.1500000000000004,36.75,-3.15_36.75,0,0
-3.1500000000000004,37.3,-3.15_37.3,0,0
-3.1500000000000004,37.9,-3.15_37.9,0,0
-3.1500000000000004,39.400000000000006,-3.15_39.4,0,0
-3.1500000000000004,40.6,-3.15_40.6,0,0
-3.1500000000000004,40.650000000000006,-3.15_40.65,0,0
-3.1500000000000004,42.6,-3.15_42.6,0,0
-3.1500000000000004,43.05,-3.15_43.05,0,0
-3.1500000000000004,43.2,-3.15_43.2,0,0
-3.2,36.75,-3.2_36.75,0,0
-3.2,39.75,-3.2_39.75,0,0
-3.2,40.2,-3.2_40.2,0,0
-3.2,40.6,-3.2_40.6,0,0
-3.2,40.650000000000006,-3.2_40.65,0,0
-3.2,42.3,-3.2_42.3,0,0
-3.2,42.400000000000006,-3.2_42.4,0,0
-3.2,43,-3.2_43,0,0
-3.2,43.35,-3.2_43.35,0,0
-3.25,39.400000000000006,-3.25_39.4,0,0
-3.25,40.150000000000006,-3.25_40.15,0,0
-3.25,40.35,-3.25_40.35,0,0
-3.25,40.55,-3.25_40.55,0,0
-3.25,40.6,-3.25_40.6,0,0
-3.25,42.1,-3.25_42.1,0,0
-3.3000000000000003,36.75,-3.3_36.75,0,0
-3.3000000000000003,39.95,-3.3_39.95,0,0
-3.3000000000000003,40.150000000000006,-3.3_40.15,0,0
-3.3000000000000003,40.400000000000006,-3.3_40.4,0,0
-3.3000000000000003,40.5,-3.3_40.5,0,0
-3.3000000000000003,40.55,-3.3_40.55,0,0
-3.3000000000000003,40.75,-3.3_40.75,0,0
-3.3000000000000003,42,-3.3_42,0,0
-3.3000000000000003,42.400000000000006,-3.3_42.4,0,0
-3.3000000000000003,42.55,-3.3_42.55,0,0
-3.3000000000000003,43.1,-3.3_43.1,0,0
-3.35,37.75,-3.35_37.75,0,0
-3.35,38.95,-3.35_38.95,0,0
-3.35,39.35,-3.35_39.35,0,0
-3.35,39.6,-3.35_39.6,0,0
-3.35,39.900000000000006,-3.35_39.9,0,0
-3.35,40.5,-3.35_40.5,0,0
-3.35,40.6,-3.35_40.6,0,0
-3.35,40.650000000000006,-3.35_40.65,0,0
-3.4000000000000004,36.7,-3.4_36.7,0,0
-3.4000000000000004,37.05,-3.4_37.05,0,0
-3.4000000000000004,38,-3.4_38,0,0
-3.4000000000000004,38.75,-3.4_38.75,0,0
-3.4000000000000004,38.8,-3.4_38.8,0,0
-3.4000000000000004,38.85,-3.4_38.85,0,0
-3.4000000000000004,38.95,-3.4_38.95,0,0
-3.4000000000000004,39,-3.4_39,0,0
-3.4000000000000004,39.1,-3.4_39.1,0,0
-3.4000000000000004,40.45,-3.4_40.45,0,0
-3.4000000000000004,40.5,-3.4_40.5,0,0
-3.4000000000000004,40.55,-3.4_40.55,0,0
-3.4000000000000004,41.1,-3.4_41.1,0,0
-3.4000000000000004,41.400000000000006,-3.4_41.4,0,0
-3.4000000000000004,41.8,-3.4_41.8,0,0
-3.4000000000000004,42.3,-3.4_42.3,0,0
-3.4000000000000004,42.35,-3.4_42.35,0,0
-3.4000000000000004,42.8,-3.4_42.8,0,0
-3.45,36.7,-3.45_36.7,0,0
-3.45,36.9,-3.45_36.9,0,0
-3.45,37.15,-3.45_37.15,0,0
-3.45,38.650000000000006,-3.45_38.65,0,0
-3.45,40.3,-3.45_40.3,0,0
-3.45,40.45,-3.45_40.45,0,0
-3.45,42.05,-3.45_42.05,0,0
-3.45,42.35,-3.45_42.35,0,0
-3.45,42.45,-3.45_42.45,0,0
-3.45,42.85,-3.45_42.85,0,0
-3.45,43.35,-3.45_43.35,0,0
-3.45,43.400000000000006,-3.45_43.4,0,0
-3.5,36.7,-3.5_36.7,0.7020000000000001,0.18365655373476258
-3.5,36.85,-3.5_36.85,0,0
-3.5,37.2,-3.5_37.2,0,0
-3.5,37.95,-3.5_37.95,0,0
-3.5,38.45,-3.5_38.45,0,0
-3.5,38.5,-3.5_38.5,0,0
-3.5,38.55,-3.5_38.55,0,0
-3.5,38.900000000000006,-3.5_38.9,0,0
-3.5,39.75,-3.5_39.75,0,0
-3.5,39.95,-3.5_39.95,0,0
-3.5,40.05,-3.5_40.05,0,0
-3.5,40.25,-3.5_40.25,0,0
-3.5,40.3,-3.5_40.3,0,0
-3.5,40.35,-3.5_40.35,0,0
-3.5,40.400000000000006,-3.5_40.4,0,0
-3.5,40.45,-3.5_40.45,0,0
-3.5,40.5,-3.5_40.5,0,0
-3.5,40.55,-3.5_40.55,0,0
-3.5,40.6,-3.5_40.6,0,0
-3.5,42.35,-3.5_42.35,0,0
-3.5,42.650000000000006,-3.5_42.65,0,0
-3.5,43.25,-3.5_43.25,0,0
-3.5,43.45,-3.5_43.45,0,0
-3.5500000000000003,36.75,-3.55_36.75,0,0
-3.5500000000000003,36.9,-3.55_36.9,0,0
-3.5500000000000003,37.15,-3.55_37.15,0,0
-3.5500000000000003,37.2,-3.55_37.2,0,0
-3.5500000000000003,40.35,-3.55_40.35,0,0
-3.5500000000000003,40.400000000000006,-3.55_40.4,0,0
-3.5500000000000003,40.45,-3.55_40.45,0,0
-3.5500000000000003,40.5,-3.55_40.5,0,0
-3.5500000000000003,40.6,-3.55_40.6,0,0
-3.6,36.75,-3.6_36.75,0,0
-3.6,37.1,-3.6_37.1,0,0
-3.6,37.15,-3.6_37.15,0.234,0.06121885124492086
-3.6,38.3,-3.6_38.3,0,0
-3.6,38.8,-3.6_38.8,0,0
-3.6,40.05,-3.6_40.05,0,0
-3.6,40.2,-3.6_40.2,0,0
-3.6,40.35,-3.6_40.35,0,0
-3.6,40.400000000000006,-3.6_40.4,0,0
-3.6,40.45,-3.6_40.45,0,0
-3.6,40.55,-3.6_40.55,0,0
-3.6,40.6,-3.6_40.6,0,0
-3.6,41.150000000000006,-3.6_41.15,0,0
-3.6,41.2,-3.6_41.2,0,0
-3.6,41.25,-3.6_41.25,0,0
-3.6,42.35,-3.6_42.35,0,0
-3.6,42.900000000000006,-3.6_42.9,0,0
-3.6,43.2,-3.6_43.2,0,0
-3.6,43.5,-3.6_43.5,0,0
-3.65,37,-3.65_37,0,0
-3.65,37.1,-3.65_37.1,0,0
-3.65,37.2,-3.65_37.2,0,0
-3.65,37.8,-3.65_37.8,0,0
-3.65,38,-3.65_38,0,0
-3.65,38.05,-3.65_38.05,0,0
-3.65,38.2,-3.65_38.2,0,0
-3.65,38.900000000000006,-3.65_38.9,0,0
-3.65,39.900000000000006,-3.65_39.9,0,0
-3.65,40,-3.65_40,0,0
-3.65,40.150000000000006,-3.65_40.15,0,0
-3.65,40.35,-3.65_40.35,0,0
-3.65,40.400000000000006,-3.65_40.4,0.081,0.27297163499805893
-3.65,40.45,-3.65_40.45,0,0
-3.65,40.5,-3.65_40.5,0,0
-3.65,40.55,-3.65_40.55,0,0
-3.65,40.8,-3.65_40.8,0,0
-3.65,40.95,-3.65_40.95,0,0
-3.65,42.35,-3.65_42.35,0,0
-3.7,36.75,-3.7_36.75,0,0
-3.7,37.15,-3.7_37.15,0,0
-3.7,37.2,-3.7_37.2,0,0
-3.7,37.25,-3.7_37.25,0,0
-3.7,38.85,-3.7_38.85,0,0
-3.7,40.150000000000006,-3.7_40.15,0,0
-3.7,40.2,-3.7_40.2,0,0
-3.7,40.25,-3.7_40.25,0,0
-3.7,40.3,-3.7_40.3,0,0
-3.7,40.35,-3.7_40.35,0,0
-3.7,40.400000000000006,-3.7_40.4,0,0
-3.7,40.45,-3.7_40.45,0,0
-3.7,40.5,-3.7_40.5,0,0
-3.7,40.55,-3.7_40.55,0,0
-3.7,40.6,-3.7_40.6,0,0
-3.7,40.8,-3.7_40.8,0,0
-3.7,41.650000000000006,-3.7_41.65,0,0
-3.7,41.7,-3.7_41.7,0,0
-3.7,41.75,-3.7_41.75,0,0
-3.7,42.25,-3.7_42.25,0,0
-3.7,42.3,-3.7_42.3,0,0
-3.7,42.35,-3.7_42.35,0,0
-3.7,42.400000000000006,-3.7_42.4,0,0
-3.7,42.5,-3.7_42.5,0,0
-3.7,43.45,-3.7_43.45,0,0
-3.75,37.75,-3.75_37.75,0,0
-3.75,39.85,-3.75_39.85,0,0
-3.75,40.05,-3.75_40.05,0,0
-3.75,40.25,-3.75_40.25,0,0
-3.75,40.3,-3.75_40.3,0,0
-3.75,40.35,-3.75_40.35,0,0
-3.75,40.400000000000006,-3.75_40.4,0,0
-3.75,40.45,-3.75_40.45,0,0
-3.75,40.5,-3.75_40.5,0,0
-3.75,40.6,-3.75_40.6,0,0
-3.75,40.650000000000006,-3.75_40.65,0,0
-3.75,40.75,-3.75_40.75,0,0
-3.75,40.8,-3.75_40.8,0,0
-3.75,40.95,-3.75_40.95,0,0
-3.75,41.85,-3.75_41.85,0,0
-3.75,42.35,-3.75_42.35,0,0
-3.75,43.35,-3.75_43.35,0,0
-3.8,37.25,-3.8_37.25,0,0
-3.8,37.75,-3.8_37.75,0,0
-3.8,37.8,-3.8_37.8,0,0
-3.8,37.95,-3.8_37.95,0,0
-3.8,38,-3.8_38,0,0
-3.8,38.1,-3.8_38.1,0,0
-3.8,40.2,-3.8_40.2,0,0
-3.8,40.3,-3.8_40.3,0,0
-3.8,40.35,-3.8_40.35,0,0
-3.8,40.400000000000006,-3.8_40.4,0,0
-3.8,40.45,-3.8_40.45,0,0
-3.8,40.650000000000006,-3.8_40.65,0,0
-3.8,40.75,-3.8_40.75,0,0
-3.8,40.8,-3.8_40.8,0,0
-3.8,40.95,-3.8_40.95,0,0
-3.8,43.35,-3.8_43.35,0,0
-3.8,43.400000000000006,-3.8_43.4,0,0
-3.8,43.45,-3.8_43.45,0,0
-3.85,36.75,-3.85_36.75,0,0
-3.85,37.75,-3.85_37.75,0,0
-3.85,39,-3.85_39,0,0
-3.85,39.55,-3.85_39.55,0,0
-3.85,40.1,-3.85_40.1,0,0
-3.85,40.150000000000006,-3.85_40.15,0,0
-3.85,40.2,-3.85_40.2,0,0
-3.85,40.25,-3.85_40.25,0,0
-3.85,40.3,-3.85_40.3,0,0
-3.85,40.35,-3.85_40.35,0,0
-3.85,40.400000000000006,-3.85_40.4,0,0
-3.85,40.45,-3.85_40.45,0,0
-3.85,40.900000000000006,-3.85_40.9,0,0
-3.85,42.35,-3.85_42.35,0,0
-3.85,43.25,-3.85_43.25,0,0
-3.85,43.35,-3.85_43.35,0,0
-3.85,43.400000000000006,-3.85_43.4,0,0
-3.85,43.45,-3.85_43.45,0,0
-3.9,36.75,-3.9_36.75,0,0
-3.9,37.45,-3.9_37.45,0,0
-3.9,37.85,-3.9_37.85,0,0
-3.9,38.95,-3.9_38.95,0,0
-3.9,39.650000000000006,-3.9_39.65,0,0
-3.9,39.95,-3.9_39.95,0,0
-3.9,40.1,-3.9_40.1,0,0
-3.9,40.2,-3.9_40.2,0,0
-3.9,40.25,-3.9_40.25,0,0
-3.9,40.3,-3.9_40.3,0,0
-3.9,40.35,-3.9_40.35,0,0
-3.9,40.400000000000006,-3.9_40.4,0,0
-3.9,40.45,-3.9_40.45,0,0
-3.9,40.5,-3.9_40.5,0,0
-3.9,40.55,-3.9_40.55,0,0
-3.9,40.6,-3.9_40.6,0,0
-3.9,41.25,-3.9_41.25,0,0
-3.9,43.3,-3.9_43.3,0,0
-3.9,43.35,-3.9_43.35,0,0
-3.9,43.45,-3.9_43.45,0,0
-3.95,36.75,-3.95_36.75,0,0
-3.95,36.8,-3.95_36.8,0,0
-3.95,37.45,-3.95_37.45,0,0
-3.95,38.95,-3.95_38.95,0,0
-3.95,39,-3.95_39,0,0
-3.95,39.75,-3.95_39.75,0,0
-3.95,39.85,-3.95_39.85,0,0
-3.95,40,-3.95_40,0,0
-3.95,40.1,-3.95_40.1,0,0
-3.95,40.25,-3.95_40.25,0,0
-3.95,40.3,-3.95_40.3,0,0
-3.95,40.35,-3.95_40.35,0,0
-3.95,40.45,-3.95_40.45,0,0
-3.95,40.5,-3.95_40.5,0,0
-3.95,40.55,-3.95_40.55,0,0
-3.95,40.6,-3.95_40.6,0,0
-3.95,40.7,-3.95_40.7,0,0
-3.95,41.25,-3.95_41.25,0,0
-3.95,42.8,-3.95_42.8,0,0
-3.95,42.95,-3.95_42.95,0,0
-3.95,43.3,-3.95_43.3,0,0
-3.95,43.35,-3.95_43.35,0,0
-3.95,43.400000000000006,-3.95_43.4,0,0
-4,36.8,-4_36.8,0,0
-4,37.7,-4_37.7,0,0
-4,39.85,-4_39.85,0,0
-4,39.95,-4_39.95,0,0
-4,40.1,-4_40.1,0,0
-4,40.400000000000006,-4_40.4,0,0
-4,40.45,-4_40.45,0,0
-4,40.55,-4_40.55,0,0
-4,40.6,-4_40.6,0,0
-4,40.7,-4_40.7,0,0
-4,40.75,-4_40.75,0,0
-4,40.8,-4_40.8,0,0
-4,41.8,-4_41.8,0,0
-4,43.400000000000006,-4_43.4,0,0
-4.05,36.75,-4.05_36.75,0,0
-4.05,36.85,-4.05_36.85,0,0
-4.05,37.3,-4.05_37.3,0,0
-4.05,39.150000000000006,-4.05_39.15,0,0
-4.05,39.85,-4.05_39.85,0,0
-4.05,40.1,-4.05_40.1,0,0
-4.05,40.150000000000006,-4.05_40.15,0,0
-4.05,40.2,-4.05_40.2,0,0
-4.05,40.25,-4.05_40.25,0,0
-4.05,40.35,-4.05_40.35,0,0
-4.05,40.6,-4.05_40.6,0,0
-4.05,40.650000000000006,-4.05_40.65,0,0
-4.05,40.75,-4.05_40.75,0,0
-4.05,40.900000000000006,-4.05_40.9,0,0
-4.05,40.95,-4.05_40.95,0,0
-4.05,41.8,-4.05_41.8,0,0
-4.05,41.85,-4.05_41.85,0,0
-4.05,43.400000000000006,-4.05_43.4,0,0
-4.1000000000000005,36.75,-4.1_36.75,0,0
-4.1000000000000005,36.85,-4.1_36.85,0,0
-4.1000000000000005,39.2,-4.1_39.2,0,0
-4.1000000000000005,40.150000000000006,-4.1_40.15,0,0
-4.1000000000000005,40.2,-4.1_40.2,0,0
-4.1000000000000005,40.650000000000006,-4.1_40.65,0,0
-4.1000000000000005,40.7,-4.1_40.7,0,0
-4.1000000000000005,40.75,-4.1_40.75,0,0
-4.1000000000000005,40.900000000000006,-4.1_40.9,0,0
-4.1000000000000005,40.95,-4.1_40.95,0,0
-4.1000000000000005,43.1,-4.1_43.1,0,0
-4.1000000000000005,43.25,-4.1_43.25,0,0
-4.1000000000000005,43.35,-4.1_43.35,0,0
-4.1000000000000005,43.400000000000006,-4.1_43.4,0,0
-4.15,36.8,-4.15_36.8,0,0
-4.15,36.85,-4.15_36.85,0,0
-4.15,37.15,-4.15_37.15,0,0
-4.15,40.3,-4.15_40.3,0,0
-4.15,40.55,-4.15_40.55,0,0
-4.15,40.6,-4.15_40.6,0,0
-4.15,40.95,-4.15_40.95,0,0
-4.15,42.85,-4.15_42.85,0,0
-4.15,43,-4.15_43,0,0
-4.15,43.400000000000006,-4.15_43.4,0,0
-4.2,36.85,-4.2_36.85,0,0
-4.2,37.15,-4.2_37.15,0,0
-4.2,37.85,-4.2_37.85,0,0
-4.2,38,-4.2_38,0,0
-4.2,40.55,-4.2_40.55,0,0
-4.2,40.7,-4.2_40.7,0,0
-4.2,42.8,-4.2_42.8,0,0
-4.2,42.85,-4.2_42.85,0,0
-4.2,43.3,-4.2_43.3,0,0
-4.25,36.7,-4.25_36.7,0.2815909090909091,0.10155777339381072
-4.25,36.8,-4.25_36.8,0,0
-4.25,36.9,-4.25_36.9,0,0
-4.25,39.45,-4.25_39.45,0,0
-4.25,40.3,-4.25_40.3,0,0
-4.25,40.5,-4.25_40.5,0,0
-4.25,40.7,-4.25_40.7,0,0
-4.25,41.6,-4.25_41.6,0,0
-4.25,42.8,-4.25_42.8,0,0
-4.25,43.3,-4.25_43.3,0,0
-4.3,37.55,-4.3_37.55,0,0
-4.3,39.95,-4.3_39.95,0,0
-4.3,40.1,-4.3_40.1,0,0
-4.3,40.5,-4.3_40.5,0,0
-4.3,40.55,-4.3_40.55,0,0
-4.3,42.400000000000006,-4.3_42.4,0,0
-4.3,43.3,-4.3_43.3,0,0
-4.3500000000000005,36.7,-4.35_36.7,0,0
-4.3500000000000005,36.9,-4.35_36.9,0,0
-4.3500000000000005,37.05,-4.35_37.05,0,0
-4.3500000000000005,38.650000000000006,-4.35_38.65,0,0
-4.3500000000000005,40.1,-4.35_40.1,0,0
-4.3500000000000005,40.25,-4.35_40.25,0,0
-4.3500000000000005,40.35,-4.35_40.35,0,0
-4.3500000000000005,40.75,-4.35_40.75,0,0
-4.3500000000000005,40.8,-4.35_40.8,0,0
-4.3500000000000005,41.2,-4.35_41.2,0,0
-4.3500000000000005,42.2,-4.35_42.2,0,0
-4.3500000000000005,42.6,-4.35_42.6,0,0
-4.3500000000000005,42.650000000000006,-4.35_42.65,0,0
-4.4,37,-4.4_37,0,0
-4.4,37.1,-4.4_37.1,0,0
-4.4,39.85,-4.4_39.85,0,0
-4.4,40.05,-4.4_40.05,0,0
-4.4,40.75,-4.4_40.75,0,0
-4.4,40.85,-4.4_40.85,0,0
-4.4,42.5,-4.4_42.5,0,0
-4.4,43.35,-4.4_43.35,0,0
-4.45,36.7,-4.45_36.7,0,0
-4.45,36.75,-4.45_36.75,0,0
-4.45,36.8,-4.45_36.8,0,0
-4.45,36.85,-4.45_36.85,0,0
-4.45,36.95,-4.45_36.95,0,0
-4.45,37.45,-4.45_37.45,0,0
-4.45,38.900000000000006,-4.45_38.9,0,0
-4.45,40,-4.45_40,0,0
-4.45,40.1,-4.45_40.1,0,0
-4.45,40.150000000000006,-4.45_40.15,0,0
-4.45,42.650000000000006,-4.45_42.65,0,0
-4.45,43.35,-4.45_43.35,0,0
-4.5,36.65,-4.5_36.65,0.08045454545454546,0.029016506683945925
-4.5,36.7,-4.5_36.7,0,0
-4.5,36.75,-4.5_36.75,0,0
-4.5,37.4,-4.5_37.4,0,0
-4.5,40,-4.5_40,0,0
-4.5,40.05,-4.5_40.05,0,0
-4.5,40.1,-4.5_40.1,0,0
-4.5,40.6,-4.5_40.6,0,0
-4.5,41.6,-4.5_41.6,0,0
-4.5,42.85,-4.5_42.85,0,0
-4.5,43.35,-4.5_43.35,0,0
-4.55,36.6,-4.55_36.6,0.20113636363636364,0.0725412667098648
-4.55,36.65,-4.55_36.65,0.04022727272727273,0.014508253341972963
-4.55,36.7,-4.55_36.7,0,0
-4.55,36.75,-4.55_36.75,0,0
-4.55,37,-4.55_37,0,0
-4.55,37.25,-4.55_37.25,0,0
-4.55,40,-4.55_40,0,0
-4.55,42,-4.55_42,0,0
-4.55,42.650000000000006,-4.55_42.65,0,0
-4.55,42.85,-4.55_42.85,0,0
-4.55,43.35,-4.55_43.35,0,0
-4.6000000000000005,36.65,-4.6_36.65,0,0
-4.6000000000000005,36.7,-4.6_36.7,0,0
-4.6000000000000005,37,-4.6_37,0,0
-4.6000000000000005,41.45,-4.6_41.45,0,0
-4.6000000000000005,42.05,-4.6_42.05,0,0
-4.6000000000000005,42.55,-4.6_42.55,0,0
-4.6000000000000005,43.2,-4.6_43.2,0,0
-4.6000000000000005,43.3,-4.6_43.3,0,0
-4.65,36.5,-4.65_36.5,0.04022727272727273,0.014508253341972963
-4.65,36.55,-4.65_36.55,0.08045454545454546,0.029016506683945925
-4.65,36.7,-4.65_36.7,0,0
-4.65,39.650000000000006,-4.65_39.65,0,0
-4.65,39.7,-4.65_39.7,0,0
-4.65,41.05,-4.65_41.05,0,0
-4.65,41.650000000000006,-4.65_41.65,0,0
-4.65,41.75,-4.65_41.75,0,0
-4.65,43.05,-4.65_43.05,0,0
-4.65,43.1,-4.65_43.1,0,0
-4.65,43.150000000000006,-4.65_43.15,0,0
-4.65,43.35,-4.65_43.35,0,0
-4.7,36.5,-4.7_36.5,0,0
-4.7,36.65,-4.7_36.65,0,0
-4.7,36.7,-4.7_36.7,0,0
-4.7,36.75,-4.7_36.75,0,0
-4.7,37.1,-4.7_37.1,0,0
-4.7,37.6,-4.7_37.6,0,0
-4.7,40.3,-4.7_40.3,0,0
-4.7,40.650000000000006,-4.7_40.65,0,0
-4.7,41.5,-4.7_41.5,0,0
-4.7,41.650000000000006,-4.7_41.65,0,0
-4.7,41.7,-4.7_41.7,0,0
-4.7,41.75,-4.7_41.75,0,0
-4.7,43.150000000000006,-4.7_43.15,0,0
-4.75,36.5,-4.75_36.5,0,0
-4.75,36.6,-4.75_36.6,0,0
-4.75,36.65,-4.75_36.65,0,0
-4.75,36.9,-4.75_36.9,0,0
-4.75,37.9,-4.75_37.9,0,0
-4.75,40.05,-4.75_40.05,0,0
-4.75,41.6,-4.75_41.6,0,0
-4.75,41.650000000000006,-4.75_41.65,0,0
-4.75,41.75,-4.75_41.75,0,0
-4.75,42.5,-4.75_42.5,0,0
-4.75,43.1,-4.75_43.1,0,0
-4.75,43.400000000000006,-4.75_43.4,0,0
-4.800000000000001,36.5,-4.8_36.5,0,0
-4.800000000000001,36.6,-4.8_36.6,0,0
-4.800000000000001,37.05,-4.8_37.05,0,0
-4.800000000000001,37.3,-4.8_37.3,0,0
-4.800000000000001,37.8,-4.8_37.8,0,0
-4.800000000000001,37.85,-4.8_37.85,0,0
-4.800000000000001,37.9,-4.8_37.9,0,0
-4.800000000000001,39.650000000000006,-4.8_39.65,0,0
-4.800000000000001,39.95,-4.8_39.95,0,0
-4.800000000000001,40,-4.8_40,0,0
-4.800000000000001,40.6,-4.8_40.6,0,0
-4.800000000000001,41.6,-4.8_41.6,0,0
-4.800000000000001,43.1,-4.8_43.1,0,0
-4.800000000000001,43.150000000000006,-4.8_43.15,0,0
-4.8500000000000005,36.5,-4.85_36.5,0.04022727272727273,0.014508253341972963
-4.8500000000000005,36.6,-4.85_36.6,0,0
-4.8500000000000005,36.65,-4.85_36.65,0,0
-4.8500000000000005,37.25,-4.85_37.25,0,0
-4.8500000000000005,37.55,-4.85_37.55,0,0
-4.8500000000000005,37.85,-4.85_37.85,0,0
-4.8500000000000005,37.95,-4.85_37.95,0,0
-4.8500000000000005,39.95,-4.85_39.95,0,0
-4.8500000000000005,41.2,-4.85_41.2,0,0
-4.8500000000000005,41.7,-4.85_41.7,0,0
-4.8500000000000005,42.7,-4.85_42.7,0,0
-4.8500000000000005,43,-4.85_43,0,0
-4.8500000000000005,43.25,-4.85_43.25,0,0
-4.8500000000000005,43.400000000000006,-4.85_43.4,0,0
-4.9,36.5,-4.9_36.5,0.08045454545454546,0.029016506683945925
-4.9,37.85,-4.9_37.85,0,0
-4.9,38.1,-4.9_38.1,0,0
-4.9,39.95,-4.9_39.95,0,0
-4.9,41.25,-4.9_41.25,0,0
-4.9,41.3,-4.9_41.3,0,0
-4.9,41.7,-4.9_41.7,0,0
-4.9,41.75,-4.9_41.75,0,0
-4.9,43.1,-4.9_43.1,0,0
-4.95,36.5,-4.95_36.5,0,0
-4.95,37.75,-4.95_37.75,0,0
-4.95,39.75,-4.95_39.75,0,0
-4.95,41.5,-4.95_41.5,0,0
-4.95,42.95,-4.95_42.95,0,0
-4.95,43.1,-4.95_43.1,0,0
-5,36.5,-5_36.5,0,0
-5,41.45,-5_41.45,0,0
-5,41.5,-5_41.5,0,0
-5.050000000000001,36.45,-5.05_36.45,0.04022727272727273,0.014508253341972963
-5.050000000000001,36.5,-5.05_36.5,0,0
-5.050000000000001,36.85,-5.05_36.85,0,0
-5.050000000000001,39.1,-5.05_39.1,0,0
-5.050000000000001,39.150000000000006,-5.05_39.15,0,0
-5.050000000000001,40.2,-5.05_40.2,0,0
-5.050000000000001,43.150000000000006,-5.05_43.15,0,0
-5.1000000000000005,36.45,-5.1_36.45,0,0
-5.1000000000000005,37.05,-5.1_37.05,0,0
-5.1000000000000005,37.55,-5.1_37.55,0,0
-5.1000000000000005,39.05,-5.1_39.05,0,0
-5.1000000000000005,39.150000000000006,-5.1_39.15,0,0
-5.1000000000000005,40.2,-5.1_40.2,0,0
-5.1000000000000005,40.25,-5.1_40.25,0,0
-5.1000000000000005,40.35,-5.1_40.35,0,0
-5.1000000000000005,41.55,-5.1_41.55,0,0
-5.1000000000000005,43.45,-5.1_43.45,0,0
-5.15,36.45,-5.15_36.45,0,0
-5.15,36.7,-5.15_36.7,0,0
-5.15,36.75,-5.15_36.75,0,0
-5.15,36.8,-5.15_36.8,0,0
-5.15,41.400000000000006,-5.15_41.4,0,0
-5.15,43.3,-5.15_43.3,0,0
-5.15,43.35,-5.15_43.35,0,0
-5.2,36.4,-5.2_36.4,0,0
-5.2,36.75,-5.2_36.75,0,0
-5.2,36.9,-5.2_36.9,0,0
-5.2,41.650000000000006,-5.2_41.65,0,0
-5.2,41.7,-5.2_41.7,0,0
-5.2,43.35,-5.2_43.35,0,0
-5.2,43.400000000000006,-5.2_43.4,0,0
-5.2,43.45,-5.2_43.45,0,0
-5.25,36.35,-5.25_36.35,0,0
-5.25,37.75,-5.25_37.75,0,0
-5.25,39,-5.25_39,0,0
-5.25,39.05,-5.25_39.05,0,0
-5.25,39.900000000000006,-5.25_39.9,0,0
-5.25,43.35,-5.25_43.35,0,0
-5.25,43.400000000000006,-5.25_43.4,0,0
-5.300000000000001,36.3,-5.3_36.3,0,0
-5.300000000000001,36.55,-5.3_36.55,0,0
-5.300000000000001,38.3,-5.3_38.3,0,0
-5.300000000000001,38.400000000000006,-5.3_38.4,0,0
-5.300000000000001,39.25,-5.3_39.25,0,0
-5.300000000000001,42.45,-5.3_42.45,0,0
-5.300000000000001,43.35,-5.3_43.35,0,0
-5.300000000000001,43.5,-5.3_43.5,0,0
-5.3500000000000005,36.2,-5.35_36.2,0.233,0.42295376802895357
-5.3500000000000005,36.5,-5.35_36.5,0,0
-5.3500000000000005,37.45,-5.35_37.45,0,0
-5.3500000000000005,39.1,-5.35_39.1,0,0
-5.3500000000000005,39.45,-5.35_39.45,0,0
-5.3500000000000005,43.5,-5.35_43.5,0,0
-5.4,36.2,-5.4_36.2,0,0
-5.4,39.1,-5.4_39.1,0,0
-5.4,39.2,-5.4_39.2,0,0
-5.4,39.35,-5.4_39.35,0,0
-5.4,39.400000000000006,-5.4_39.4,0,0
-5.4,41,-5.4_41,0,0
-5.4,41.5,-5.4_41.5,0,0
-5.4,43.5,-5.4_43.5,0,0
-5.45,36.1,-5.45_36.1,0,0
-5.45,36.2,-5.45_36.2,0,0
-5.45,36.4,-5.45_36.4,0,0
-5.45,37.2,-5.45_37.2,0,0
-5.45,39.05,-5.45_39.05,0,0
-5.45,39.45,-5.45_39.45,0,0
-5.45,39.5,-5.45_39.5,0,0
-5.45,40.95,-5.45_40.95,0,0
-5.45,42.45,-5.45_42.45,0,0
-5.45,43.400000000000006,-5.45_43.4,0,0
-5.45,43.45,-5.45_43.45,0,0
-5.5,39.05,-5.5_39.05,0,0
-5.5,39.1,-5.5_39.1,0,0
-5.5,39.150000000000006,-5.5_39.15,0,0
-5.5,39.45,-5.5_39.45,0,0
-5.5,39.55,-5.5_39.55,0,0
-5.5,40.900000000000006,-5.5_40.9,0,0
-5.5,41.25,-5.5_41.25,0,0
-5.5,42.45,-5.5_42.45,0,0
-5.5,43.45,-5.5_43.45,0,0
-5.550000000000001,37.65,-5.55_37.65,0,0
-5.550000000000001,39,-5.55_39,0,0
-5.550000000000001,39.05,-5.55_39.05,0,0
-5.550000000000001,39.6,-5.55_39.6,0,0
-5.550000000000001,39.85,-5.55_39.85,0,0
-5.550000000000001,42.45,-5.55_42.45,0,0
-5.550000000000001,43.5,-5.55_43.5,0,0
-5.6000000000000005,36,-5.6_36,0,0
-5.6000000000000005,36.25,-5.6_36.25,0,0
-5.6000000000000005,36.95,-5.6_36.95,0,0
-5.6000000000000005,38.3,-5.6_38.3,0,0
-5.6000000000000005,39.85,-5.6_39.85,0,0
-5.6000000000000005,40.3,-5.6_40.3,0,0
-5.6000000000000005,40.95,-5.6_40.95,0,0
-5.6000000000000005,42.6,-5.6_42.6,0,0
-5.6000000000000005,42.650000000000006,-5.6_42.65,0,0
-5.6000000000000005,43.25,-5.6_43.25,0,0
-5.6000000000000005,43.3,-5.6_43.3,0,0
-5.65,36.85,-5.65_36.85,0,0
-5.65,37.45,-5.65_37.45,0,0
-5.65,40.8,-5.65_40.8,0,0
-5.65,40.95,-5.65_40.95,0,0
-5.65,41,-5.65_41,0,0
-5.65,42.45,-5.65_42.45,0,0
-5.65,43.35,-5.65_43.35,0,0
-5.65,43.45,-5.65_43.45,0,0
-5.65,43.5,-5.65_43.5,0,0
-5.7,36.85,-5.7_36.85,0,0
-5.7,38.25,-5.7_38.25,0,0
-5.7,38.900000000000006,-5.7_38.9,0,0
-5.7,39.2,-5.7_39.2,0,0
-5.7,39.900000000000006,-5.7_39.9,0,0
-5.7,40.25,-5.7_40.25,0,0
-5.7,40.8,-5.7_40.8,0,0
-5.7,40.95,-5.7_40.95,0,0
-5.7,41,-5.7_41,0,0
-5.7,42,-5.7_42,0,0
-5.7,43.3,-5.7_43.3,0,0
-5.7,43.35,-5.7_43.35,0,0
-5.7,43.400000000000006,-5.7_43.4,0,0
-5.7,43.45,-5.7_43.45,0,0
-5.7,43.5,-5.7_43.5,0,0
-5.75,36.8,-5.75_36.8,0,0
-5.75,37.4,-5.75_37.4,0,0
-5.75,39,-5.75_39,0,0
-5.75,39.1,-5.75_39.1,0,0
-5.75,39.6,-5.75_39.6,0,0
-5.75,39.650000000000006,-5.75_39.65,0,0
-5.75,39.75,-5.75_39.75,0,0
-5.75,40.1,-5.75_40.1,0,0
-5.75,40.95,-5.75_40.95,0,0
-5.75,41.5,-5.75_41.5,0,0
-5.75,42.150000000000006,-5.75_42.15,0,0
-5.75,43.150000000000006,-5.75_43.15,0,0
-5.75,43.2,-5.75_43.2,0,0
-5.75,43.3,-5.75_43.3,0,0
-5.75,43.5,-5.75_43.5,0,0
-5.75,43.55,-5.75_43.55,0,0
-5.800000000000001,36.2,-5.8_36.2,0,0
-5.800000000000001,36.6,-5.8_36.6,0,0
-5.800000000000001,36.7,-5.8_36.7,0,0
-5.800000000000001,36.75,-5.8_36.75,0,0
-5.800000000000001,37.1,-5.8_37.1,0,0
-5.800000000000001,37.15,-5.8_37.15,0,0
-5.800000000000001,37.2,-5.8_37.2,0,0
-5.800000000000001,37.35,-5.8_37.35,0,0
-5.800000000000001,38.7,-5.8_38.7,0,0
-5.800000000000001,38.900000000000006,-5.8_38.9,0,0
-5.800000000000001,38.95,-5.8_38.95,0,0
-5.800000000000001,39.2,-5.8_39.2,0,0
-5.800000000000001,39.400000000000006,-5.8_39.4,0,0
-5.800000000000001,39.650000000000006,-5.8_39.65,0,0
-5.800000000000001,40.2,-5.8_40.2,0,0
-5.800000000000001,41.45,-5.8_41.45,0,0
-5.800000000000001,43.2,-5.8_43.2,0,0
-5.800000000000001,43.25,-5.8_43.25,0,0
-5.800000000000001,43.400000000000006,-5.8_43.4,0,0
-5.800000000000001,43.45,-5.8_43.45,0,0
-5.800000000000001,43.5,-5.8_43.5,0,0
-5.800000000000001,43.6,-5.8_43.6,0,0
-5.8500000000000005,37.1,-5.85_37.1,0,0
-5.8500000000000005,37.3,-5.85_37.3,0,0
-5.8500000000000005,38.55,-5.85_38.55,0,0
-5.8500000000000005,38.95,-5.85_38.95,0,0
-5.8500000000000005,40.150000000000006,-5.85_40.15,0,0
-5.8500000000000005,40.35,-5.85_40.35,0,0
-5.8500000000000005,42,-5.85_42,0,0
-5.8500000000000005,42.25,-5.85_42.25,0,0
-5.8500000000000005,43.150000000000006,-5.85_43.15,0,0
-5.8500000000000005,43.3,-5.85_43.3,0,0
-5.8500000000000005,43.35,-5.85_43.35,0,0
-5.8500000000000005,43.400000000000006,-5.85_43.4,0,0
-5.9,37.35,-5.9_37.35,0,0
-5.9,37.4,-5.9_37.4,0,0
-5.9,38.25,-5.9_38.25,0,0
-5.9,38.95,-5.9_38.95,0,0
-5.9,39.150000000000006,-5.9_39.15,0,0
-5.9,39.2,-5.9_39.2,0,0
-5.9,39.25,-5.9_39.25,0,0
-5.9,39.3,-5.9_39.3,0,0
-5.9,39.35,-5.9_39.35,0,0
-5.9,39.400000000000006,-5.9_39.4,0,0
-5.9,39.45,-5.9_39.45,0,0
-5.9,39.7,-5.9_39.7,0,0
-5.9,42.400000000000006,-5.9_42.4,0,0
-5.9,42.85,-5.9_42.85,0,0
-5.9,43.35,-5.9_43.35,0,0
-5.9,43.400000000000006,-5.9_43.4,0,0
-5.9,43.5,-5.9_43.5,0,0
-5.9,43.55,-5.9_43.55,0,0
-5.95,36.2,-5.95_36.2,0,0
-5.95,36.3,-5.95_36.3,0,0
-5.95,36.45,-5.95_36.45,0,0
-5.95,37.1,-5.95_37.1,0,0
-5.95,37.15,-5.95_37.15,0,0
-5.95,37.3,-5.95_37.3,0,0
-5.95,37.35,-5.95_37.35,0,0
-5.95,37.4,-5.95_37.4,0,0
-5.95,37.45,-5.95_37.45,0,0
-5.95,37.5,-5.95_37.5,0,0
-5.95,38.900000000000006,-5.95_38.9,0,0
-5.95,38.95,-5.95_38.95,0,0
-5.95,39.6,-5.95_39.6,0,0
-5.95,39.85,-5.95_39.85,0,0
-5.95,40.1,-5.95_40.1,0,0
-5.95,40.2,-5.95_40.2,0,0
-5.95,40.25,-5.95_40.25,0,0
-5.95,43.150000000000006,-5.95_43.15,0,0
-5.95,43.35,-5.95_43.35,0,0
-5.95,43.55,-5.95_43.55,0,0
-6,36.65,-6_36.65,0,0
-6,37.25,-6_37.25,0,0
-6,37.3,-6_37.3,0,0
-6,37.35,-6_37.35,0,0
-6,37.4,-6_37.4,0,0
-6,37.5,-6_37.5,0,0
-6,39,-6_39,0,0
-6,39.1,-6_39.1,0,0
-6,39.25,-6_39.25,0,0
-6,39.3,-6_39.3,0,0
-6,39.400000000000006,-6_39.4,0,0
-6,40.2,-6_40.2,0,0
-6,42,-6_42,0,0
-6,43.150000000000006,-6_43.15,0,0
-6,43.35,-6_43.35,0,0
-6,43.5,-6_43.5,0,0
-6,43.55,-6_43.55,0,0
-6.050000000000001,36.2,-6.05_36.2,0,0
-6.050000000000001,36.7,-6.05_36.7,0,0
-6.050000000000001,37.3,-6.05_37.3,0,0
-6.050000000000001,37.35,-6.05_37.35,0,0
-6.050000000000001,37.4,-6.05_37.4,0,0
-6.050000000000001,37.45,-6.05_37.45,0,0
-6.050000000000001,37.5,-6.05_37.5,0,0
-6.050000000000001,39.8,-6.05_39.8,0,0
-6.050000000000001,39.95,-6.05_39.95,0,0
-6.050000000000001,41.35,-6.05_41.35,0,0
-6.050000000000001,42.55,-6.05_42.55,0,0
-6.1000000000000005,36.3,-6.1_36.3,0,0
-6.1000000000000005,36.7,-6.1_36.7,0,0
-6.1000000000000005,36.9,-6.1_36.9,0,0
-6.1000000000000005,37.3,-6.1_37.3,0,0
-6.1000000000000005,37.35,-6.1_37.35,0,0
-6.1000000000000005,37.4,-6.1_37.4,0,0
-6.1000000000000005,37.8,-6.1_37.8,0,0
-6.1000000000000005,38.85,-6.1_38.85,0,0
-6.1000000000000005,39,-6.1_39,0,0
-6.1000000000000005,39.55,-6.1_39.55,0,0
-6.1000000000000005,39.95,-6.1_39.95,0,0
-6.1000000000000005,40,-6.1_40,0,0
-6.1000000000000005,40.25,-6.1_40.25,0,0
-6.1000000000000005,43.150000000000006,-6.1_43.15,0,0
-6.15,36.3,-6.15_36.3,0,0
-6.15,36.4,-6.15_36.4,0,0
-6.15,36.45,-6.15_36.45,0,0
-6.15,36.65,-6.15_36.65,0,0
-6.15,36.7,-6.15_36.7,0,0
-6.15,37.15,-6.15_37.15,0,0
-6.15,37.35,-6.15_37.35,0,0
-6.15,37.4,-6.15_37.4,0,0
-6.15,40,-6.15_40,0,0
-6.15,40.05,-6.15_40.05,0,0
-6.15,41.6,-6.15_41.6,0,0
-6.15,43.45,-6.15_43.45,0,0
-6.15,43.55,-6.15_43.55,0,0
-6.2,36.45,-6.2_36.45,0,0
-6.2,36.55,-6.2_36.55,0,0
-6.2,37.35,-6.2_37.35,0,0
-6.2,38.3,-6.2_38.3,0,0
-6.2,38.900000000000006,-6.2_38.9,0,0
-6.2,38.95,-6.2_38.95,0,0
-6.2,42.95,-6.2_42.95,0,0
-6.2,43.05,-6.2_43.05,0,0
-6.2,43.55,-6.2_43.55,0,0
-6.25,36.5,-6.25_36.5,0,0
-6.25,36.6,-6.25_36.6,0,0
-6.25,36.7,-6.25_36.7,0,0
-6.25,38.55,-6.25_38.55,0,0
-6.25,39.35,-6.25_39.35,0,0
-6.25,39.85,-6.25_39.85,0,0
-6.25,39.900000000000006,-6.25_39.9,0,0
-6.25,41.7,-6.25_41.7,0,0
-6.25,43.45,-6.25_43.45,0,0
-6.25,43.55,-6.25_43.55,0,0
-6.300000000000001,36.6,-6.3_36.6,0,0
-6.300000000000001,37.3,-6.3_37.3,0,0
-6.300000000000001,38.85,-6.3_38.85,0,0
-6.300000000000001,39.1,-6.3_39.1,0,0
-6.300000000000001,39.2,-6.3_39.2,0,0
-6.300000000000001,39.400000000000006,-6.3_39.4,0,0
-6.300000000000001,43.150000000000006,-6.3_43.15,0,0
-6.300000000000001,43.400000000000006,-6.3_43.4,0,0
-6.300000000000001,43.45,-6.3_43.45,0,0
-6.300000000000001,43.5,-6.3_43.5,0,0
-6.300000000000001,43.55,-6.3_43.55,0,0
-6.3500000000000005,38.35,-6.35_38.35,0,0
-6.3500000000000005,38.55,-6.35_38.55,0,0
-6.3500000000000005,38.900000000000006,-6.35_38.9,0,0
-6.3500000000000005,39.3,-6.35_39.3,0,0
-6.3500000000000005,39.35,-6.35_39.35,0,0
-6.3500000000000005,39.45,-6.35_39.45,0,0
-6.3500000000000005,39.8,-6.35_39.8,0,0
-6.4,36.75,-6.4_36.75,0,0
-6.4,38.400000000000006,-6.4_38.4,0,0
-6.4,38.45,-6.4_38.45,0,0
-6.4,38.650000000000006,-6.4_38.65,0,0
-6.4,38.7,-6.4_38.7,0,0
-6.4,38.900000000000006,-6.4_38.9,0,0
-6.4,39.400000000000006,-6.4_39.4,0,0
-6.4,39.45,-6.4_39.45,0,0
-6.4,39.650000000000006,-6.4_39.65,0,0
-6.4,39.95,-6.4_39.95,0,0
-6.4,42.6,-6.4_42.6,0,0
-6.45,38.45,-6.45_38.45,0,0
-6.45,39.45,-6.45_39.45,0,0
-6.45,39.5,-6.45_39.5,0,0
-6.45,42.6,-6.45_42.6,0,0
-6.45,43.5,-6.45_43.5,0,0
-6.5,37.35,-6.5_37.35,0,0
-6.5,38.85,-6.5_38.85,0,0
-6.5,39.45,-6.5_39.45,0,0
-6.5,40.3,-6.5_40.3,0,0
-6.5,41.25,-6.5_41.25,0,0
-6.5,42.6,-6.5_42.6,0,0
-6.5,43.45,-6.5_43.45,0,0
-6.550000000000001,37.05,-6.55_37.05,0,0
-6.550000000000001,38.5,-6.55_38.5,0,0
-6.550000000000001,38.7,-6.55_38.7,0,0
-6.550000000000001,39.7,-6.55_39.7,0,0
-6.550000000000001,40.25,-6.55_40.25,0,0
-6.550000000000001,40.6,-6.55_40.6,0,0
-6.6000000000000005,38.650000000000006,-6.6_38.65,0,0
-6.6000000000000005,38.75,-6.6_38.75,0,0
-6.6000000000000005,38.85,-6.6_38.85,0,0
-6.6000000000000005,39.2,-6.6_39.2,0,0
-6.6000000000000005,42.5,-6.6_42.5,0,0
-6.6000000000000005,42.55,-6.6_42.55,0,0
-6.65,37.05,-6.65_37.05,0,0
-6.65,38.15,-6.65_38.15,0,0
-6.65,38.6,-6.65_38.6,0,0
-6.65,38.900000000000006,-6.65_38.9,0,0
-6.65,39.150000000000006,-6.65_39.15,0,0
-6.65,42.05,-6.65_42.05,0,0
-6.65,42.1,-6.65_42.1,0,0
-6.65,42.55,-6.65_42.55,0,0
-6.65,43.55,-6.65_43.55,0,0
-6.7,37.35,-6.7_37.35,0,0
-6.7,43.2,-6.7_43.2,0,0
-6.7,43.35,-6.7_43.35,0,0
-6.7,43.5,-6.7_43.5,0,0
-6.75,37.1,-6.75_37.1,0,0
-6.75,38.650000000000006,-6.75_38.65,0,0
-6.75,38.85,-6.75_38.85,0,0
-6.75,43.3,-6.75_43.3,0,0
-6.75,43.5,-6.75_43.5,0,0
-6.75,43.55,-6.75_43.55,0,0
-6.800000000000001,39.8,-6.8_39.8,0,0
-6.800000000000001,40.150000000000006,-6.8_40.15,0,0
-6.800000000000001,40.2,-6.8_40.2,0,0
-6.8500000000000005,37.25,-6.85_37.25,0,0
-6.8500000000000005,37.3,-6.85_37.3,0,0
-6.8500000000000005,38.7,-6.85_38.7,0,0
-6.8500000000000005,38.85,-6.85_38.85,0,0
-6.8500000000000005,39,-6.85_39,0,0
-6.8500000000000005,40.2,-6.85_40.2,0,0
-6.8500000000000005,43.55,-6.85_43.55,0,0
-6.9,38.8,-6.9_38.8,0,0
-6.9,39,-6.9_39,0,0
-6.9,39.7,-6.9_39.7,0,0
-6.95,37.25,-6.95_37.25,0,0
-6.95,38.85,-6.95_38.85,0,0
-6.95,38.900000000000006,-6.95_38.9,0,0
-6.95,39.1,-6.95_39.1,0,0
-6.95,39.45,-6.95_39.45,0,0
-6.95,43.55,-6.95_43.55,0,0
-7,37.25,-7_37.25,0,0
-7,38.650000000000006,-7_38.65,0,0
-7,38.85,-7_38.85,0,0
-7,38.900000000000006,-7_38.9,0,0
-7,39.2,-7_39.2,0,0
-7,42.400000000000006,-7_42.4,0,0
-7,43.3,-7_43.3,0,0
-7.050000000000001,37.2,-7.05_37.2,0,0
-7.050000000000001,38.8,-7.05_38.8,0,0
-7.1000000000000005,37.3,-7.1_37.3,0,0
-7.1000000000000005,42.75,-7.1_42.75,0,0
-7.15,37.2,-7.15_37.2,0,0
-7.15,37.25,-7.15_37.25,0,0
-7.15,37.6,-7.15_37.6,0,0
-7.15,43.400000000000006,-7.15_43.4,0,0
-7.2,37.2,-7.2_37.2,0,0
-7.2,37.25,-7.2_37.25,0,0
-7.2,42.400000000000006,-7.2_42.4,0,0
-7.2,43.55,-7.2_43.55,0,0
-7.25,37.2,-7.25_37.2,0,0
-7.25,39.6,-7.25_39.6,0,0
-7.25,42.75,-7.25_42.75,0,0
-7.25,43.2,-7.25_43.2,0,0
-7.300000000000001,37.2,-7.3_37.2,0,0
-7.300000000000001,39.35,-7.3_39.35,0,0
-7.35,37.2,-7.35_37.2,0,0
-7.35,42.85,-7.35_42.85,0,0
-7.35,43.400000000000006,-7.35_43.4,0,0
-7.4,37.2,-7.4_37.2,0,0
-7.45,43.5,-7.45_43.5,0,0
-7.45,43.55,-7.45_43.55,0,0
-7.5,42.75,-7.5_42.75,0,0
-7.5,42.95,-7.5_42.95,0,0
-7.550000000000001,42.5,-7.55_42.5,0,0
-7.550000000000001,42.8,-7.55_42.8,0,0
-7.550000000000001,43,-7.55_43,0,0
-7.550000000000001,43.150000000000006,-7.55_43.15,0,0
-7.550000000000001,43.7,-7.55_43.7,0,0
-7.6,42.6,-7.6_42.6,0,0
-7.6,43,-7.6_43,0,0
-7.6,43.6,-7.6_43.6,0,0
-7.6,43.650000000000006,-7.6_43.65,0,0
-7.65,42.45,-7.65_42.45,0,0
-7.65,43.3,-7.65_43.3,0,0
-7.65,43.55,-7.65_43.55,0,0
-7.7,42.6,-7.7_42.6,0,0
-7.7,42.95,-7.7_42.95,0,0
-7.75,42.05,-7.75_42.05,0,0
-7.75,42.400000000000006,-7.75_42.4,0,0
-7.75,42.95,-7.75_42.95,0,0
-7.800000000000001,42.3,-7.8_42.3,0,0
-7.800000000000001,42.95,-7.8_42.95,0,0
-7.85,42.3,-7.85_42.3,0,0
-7.85,42.35,-7.85_42.35,0,0
-7.9,41.95,-7.9_41.95,0,0
-7.9,42.3,-7.9_42.3,0,0
-7.9,42.35,-7.9_42.35,0,0
-7.95,42.3,-7.95_42.3,0,0
-8,42.150000000000006,-8_42.15,0,0
-8,42.45,-8_42.45,0,0
-8.05,42.900000000000006,-8.05_42.9,0,0
-8.1,42.1,-8.1_42.1,0,0
-8.1,42.3,-8.1_42.3,0,0
-8.200000000000001,43.5,-8.2_43.5,0,0
-8.25,43.2,-8.25_43.2,0,0
-8.25,43.25,-8.25_43.25,0,0
-8.25,43.45,-8.25_43.45,0,0
-8.3,42.150000000000006,-8.3_42.15,0,0
-8.3,43.2,-8.3_43.2,0,0
-8.3,43.25,-8.3_43.25,0,0
-8.3,43.35,-8.3_43.35,0,0
-8.35,43.1,-8.35_43.1,0,0
-8.35,43.3,-8.35_43.3,0,0
-8.35,43.35,-8.35_43.35,0,0
-8.4,42.75,-8.4_42.75,0,0
-8.4,42.85,-8.4_42.85,0,0
-8.4,43.3,-8.4_43.3,0,0
-8.450000000000001,43.35,-8.45_43.35,0,0
-8.5,42.150000000000006,-8.5_42.15,0,0
-8.5,42.2,-8.5_42.2,0,0
-8.5,43.3,-8.5_43.3,0,0
-8.55,42.150000000000006,-8.55_42.15,0,0
-8.55,42.400000000000006,-8.55_42.4,0,0
-8.55,42.6,-8.55_42.6,0,0
-8.55,42.85,-8.55_42.85,0,0
-8.6,42.150000000000006,-8.6_42.15,0,0
-8.6,42.55,-8.6_42.55,0,0
-8.6,42.85,-8.6_42.85,0,0
-8.65,42.150000000000006,-8.65_42.15,0,0
-8.65,42.2,-8.65_42.2,0,0
-8.65,42.35,-8.65_42.35,0,0
-8.65,42.400000000000006,-8.65_42.4,0,0
-8.65,42.7,-8.65_42.7,0,0
-8.65,42.85,-8.65_42.85,0,0
-8.700000000000001,42.150000000000006,-8.7_42.15,0,0
-8.700000000000001,42.2,-8.7_42.2,0,0
-8.700000000000001,42.55,-8.7_42.55,0,0
-8.700000000000001,42.85,-8.7_42.85,0,0
-8.75,42.2,-8.75_42.2,0,0
-8.75,42.45,-8.75_42.45,0,0
-8.75,42.900000000000006,-8.75_42.9,0,0
-8.8,41.95,-8.8_41.95,0,0
-8.8,42.1,-8.8_42.1,0,0
-8.8,42.25,-8.8_42.25,0,0
-8.8,42.3,-8.8_42.3,0,0
-8.8,42.45,-8.8_42.45,0,0
-8.8,42.5,-8.8_42.5,0,0
-8.85,41.900000000000006,-8.85_41.9,0,0
-8.85,42.1,-8.85_42.1,0,0
-8.85,42.400000000000006,-8.85_42.4,0,0
-8.85,43.3,-8.85_43.3,0,0
-8.9,41.95,-8.9_41.95,0,0
-8.9,42.05,-8.9_42.05,0,0
-8.9,42.1,-8.9_42.1,0,0
-8.9,42.45,-8.9_42.45,0,0
-8.9,43.25,-8.9_43.25,0,0
-8.950000000000001,42.45,-8.95_42.45,0,0
-8.950000000000001,42.6,-8.95_42.6,0,0
-8.950000000000001,42.75,-8.95_42.75,0,0
-8.950000000000001,42.8,-8.95_42.8,0,0
-8.950000000000001,43.2,-8.95_43.2,0,0
-9.15,42.900000000000006,-9.15_42.9,0,0
-9.2,42.95,-9.2_42.95,0,0
0,38.8,0_38.8,0,0
0,38.85,0_38.85,0,0
0,40,0_40,0,0
0,40.1,0_40.1,0,0
0,40.2,0_40.2,0,0
0,40.35,0_40.35,0,0
0,40.45,0_40.45,0,0
0,40.5,0_40.5,0,0
0,41.5,0_41.5,0,0
0,42.1,0_42.1,0,0
0,42.150000000000006,0_42.15,0,0
0,42.55,0_42.55,0,0
0.25,40.25,0.25_40.25,0,0
0.25,40.3,0.25_40.3,0,0
0.25,40.45,0.25_40.45,0,0
0.25,40.900000000000006,0.25_40.9,0,0
0.25,41.45,0.25_41.45,0,0
0.25,41.6,0.25_41.6,0,0
0.5,40.55,0.5_40.55,0,0
0.5,40.650000000000006,0.5_40.65,0,0
0.5,40.7,0.5_40.7,0,0
0.5,40.8,0.5_40.8,0.416,0.1870266798587276
0.5,40.85,0.5_40.85,0,0
0.5,41,0.5_41,0,0
0.5,41.55,0.5_41.55,0,0
0.5,41.650000000000006,0.5_41.65,0,0
0.5,42.6,0.5_42.6,0,0
0.75,40.7,0.75_40.7,0,0
0.75,40.85,0.75_40.85,0,0
0.75,41.2,0.75_41.2,0,0
0.75,41.55,0.75_41.55,0,0
0.75,41.7,0.75_41.7,0,0
0.75,41.8,0.75_41.8,0,0
0.75,42,0.75_42,0,0
0.75,42.45,0.75_42.45,0,0
0.75,42.55,0.75_42.55,0,0
0.75,42.6,0.75_42.6,0,0
1,41.05,1_41.05,0,0
1,41.1,1_41.1,0,0
1,41.150000000000006,1_41.15,0,0
1,41.55,1_41.55,0,0
1,41.6,1_41.6,0,0
1,41.650000000000006,1_41.65,0,0
1,42.45,1_42.45,0,0
1,42.650000000000006,1_42.65,0,0
1.05,41.150000000000006,1.05_41.15,0,0
1.05,41.400000000000006,1.05_41.4,0,0
1.05,41.55,1.05_41.55,0,0
1.05,41.900000000000006,1.05_41.9,0,0
1.05,42.1,1.05_42.1,0,0
1.05,42.3,1.05_42.3,0,0
1.05,42.45,1.05_42.45,0,0
1.05,42.5,1.05_42.5,0,0
1.1,41.1,1.1_41.1,0,0
1.1,41.150000000000006,1.1_41.15,0,0
1.1,41.2,1.1_41.2,0,0
1.1,41.650000000000006,1.1_41.65,0,0
1.1,42,1.1_42,0,0
1.1,42.2,1.1_42.2,0,0
1.1,42.35,1.1_42.35,0,0
1.1,42.6,1.1_42.6,0,0
1.15,41.05,1.15_41.05,0,0
1.15,41.1,1.15_41.1,0,0
1.15,41.150000000000006,1.15_41.15,0,0
1.15,41.25,1.15_41.25,0,0
1.15,41.35,1.15_41.35,0,0
1.15,41.400000000000006,1.15_41.4,0,0
1.15,41.650000000000006,1.15_41.65,0,0
1.15,42.2,1.15_42.2,0,0
1.2000000000000002,41.1,1.2_41.1,0,0
1.2000000000000002,41.150000000000006,1.2_41.15,0,0
1.2000000000000002,41.2,1.2_41.2,0,0
1.2000000000000002,41.650000000000006,1.2_41.65,0,0
1.2000000000000002,41.900000000000006,1.2_41.9,0,0
1.2000000000000002,42.400000000000006,1.2_42.4,0,0
1.2000000000000002,42.45,1.2_42.45,0,0
1.25,38.95,1.25_38.95,0,0
1.25,41.150000000000006,1.25_41.15,0,0
1.25,41.25,1.25_41.25,0,0
1.25,41.3,1.25_41.3,0,0
1.25,41.650000000000006,1.25_41.65,0,0
1.25,41.900000000000006,1.25_41.9,0,0
1.25,41.95,1.25_41.95,0,0
1.25,42.05,1.25_42.05,0,0
1.25,42.2,1.25_42.2,0,0
1.25,42.5,1.25_42.5,0,0
1.3,38.900000000000006,1.3_38.9,0,0
1.3,38.95,1.3_38.95,0,0
1.3,41.150000000000006,1.3_41.15,0,0
1.3,41.25,1.3_41.25,0,0
1.3,41.35,1.3_41.35,0,0
1.3,41.55,1.3_41.55,0,0
1.3,41.650000000000006,1.3_41.65,0,0
1.3,42.05,1.3_42.05,0,0
1.3,42.2,1.3_42.2,0,0
1.35,38.85,1.35_38.85,0,0
1.35,41.3,1.35_41.3,0,0
1.35,41.35,1.35_41.35,0,0
1.35,42.3,1.35_42.3,0,0
1.4,38.900000000000006,1.4_38.9,0.3333333333333333,0
1.4,38.95,1.4_38.95,0,0
1.4,41.150000000000006,1.4_41.15,0,0
1.4,41.35,1.4_41.35,0,0
1.4,41.55,1.4_41.55,0,0
1.4,41.650000000000006,1.4_41.65,0,0
1.4,41.8,1.4_41.8,0,0
1.4500000000000002,38.7,1.45_38.7,0,0
1.4500000000000002,38.95,1.45_38.95,0,0
1.4500000000000002,39,1.45_39,0,0
1.4500000000000002,41.25,1.45_41.25,0.416,0.1870266798587276
1.4500000000000002,41.3,1.45_41.3,0,0
1.4500000000000002,41.35,1.45_41.35,0,0
1.4500000000000002,41.400000000000006,1.45_41.4,0,0
1.4500000000000002,41.45,1.45_41.45,0,0
1.4500000000000002,41.75,1.45_41.75,0,0
1.4500000000000002,42.35,1.45_42.35,0,0
1.5,39,1.5_39,0,0
1.5,41.2,1.5_41.2,0,0
1.5,41.25,1.5_41.25,0,0
1.5,41.35,1.5_41.35,0,0
1.5,41.400000000000006,1.5_41.4,0,0
1.5,41.55,1.5_41.55,0,0
1.5,41.6,1.5_41.6,0,0
1.5,41.900000000000006,1.5_41.9,0,0
1.5,42,1.5_42,0,0
1.55,38.650000000000006,1.55_38.65,0,0
1.55,39,1.55_39,0.05555555555555555,0
1.55,41.2,1.55_41.2,0,0
1.55,41.25,1.55_41.25,0,0
1.55,41.3,1.55_41.3,0,0
1.55,41.35,1.55_41.35,0,0
1.55,41.400000000000006,1.55_41.4,0,0
1.55,41.55,1.55_41.55,0,0
1.55,41.900000000000006,1.55_41.9,0,0
1.55,42.150000000000006,1.55_42.15,0,0
1.55,42.35,1.55_42.35,0,0
1.6,41.2,1.6_41.2,0,0
1.6,41.25,1.6_41.25,0,0
1.6,41.3,1.6_41.3,0,0
1.6,41.5,1.6_41.5,0,0
1.6,41.55,1.6_41.55,0,0
1.6,41.6,1.6_41.6,0,0
1.6,42.35,1.6_42.35,0,0
1.65,41.2,1.65_41.2,0,0
1.65,41.3,1.65_41.3,0,0
1.65,41.35,1.65_41.35,0,0
1.65,41.400000000000006,1.65_41.4,0,0
1.65,41.45,1.65_41.45,0,0
1.65,41.5,1.65_41.5,0,0
1.65,41.55,1.65_41.55,0.03151612903225806,0.004838010002477497
1.65,41.6,1.65_41.6,0,0
1.65,41.900000000000006,1.65_41.9,0,0
1.65,42.2,1.65_42.2,0,0
1.65,42.3,1.65_42.3,0,0
1.65,42.35,1.65_42.35,0,0
1.65,42.400000000000006,1.65_42.4,0,0
1.7000000000000002,41.2,1.7_41.2,0.01575806451612903,0.0024190050012387484
1.7000000000000002,41.25,1.7_41.25,0,0
1.7000000000000002,41.3,1.7_41.3,0,0
1.7000000000000002,41.35,1.7_41.35,0,0
1.7000000000000002,41.400000000000006,1.7_41.4,0,0
1.7000000000000002,41.45,1.7_41.45,0.01575806451612903,0.0024190050012387484
1.7000000000000002,41.5,1.7_41.5,0,0
1.7000000000000002,41.650000000000006,1.7_41.65,0,0
1.7000000000000002,42,1.7_42,0,0
1.7000000000000002,42.35,1.7_42.35,0,0
1.75,41.25,1.75_41.25,0,0
1.75,41.3,1.75_41.3,0,0
1.75,41.35,1.75_41.35,0,0
1.75,41.400000000000006,1.75_41.4,0,0
1.75,41.45,1.75_41.45,0,0
1.75,41.5,1.75_41.5,0,0
1.75,41.650000000000006,1.75_41.65,0,0
1.75,41.8,1.75_41.8,0,0
1.75,42.2,1.75_42.2,0,0
1.75,42.35,1.75_42.35,0,0
1.8,41.25,1.8_41.25,0,0
1.8,41.3,1.8_41.3,0,0
1.8,41.35,1.8_41.35,0,0
1.8,41.400000000000006,1.8_41.4,0,0
1.8,41.45,1.8_41.45,0,0
1.8,41.5,1.8_41.5,0,0
1.8,41.55,1.8_41.55,0.01575806451612903,0.0024190050012387484
1.8,41.7,1.8_41.7,0,0
1.8,41.75,1.8_41.75,0,0
1.8,42.1,1.8_42.1,0,0
1.8,42.35,1.8_42.35,0,0
1.85,41.35,1.85_41.35,0,0
1.85,41.400000000000006,1.85_41.4,0,0
1.85,41.45,1.85_41.45,0,0
1.85,41.5,1.85_41.5,0,0
1.85,41.55,1.85_41.55,0,0
1.85,41.6,1.85_41.6,0,0
1.85,41.650000000000006,1.85_41.65,0,0
1.85,41.7,1.85_41.7,0,0
1.85,41.75,1.85_41.75,0,0
1.85,41.85,1.85_41.85,0,0
1.85,41.900000000000006,1.85_41.9,0,0
1.85,42,1.85_42,0,0
1.85,42.05,1.85_42.05,0.01575806451612903,0.0024190050012387484
1.85,42.1,1.85_42.1,0,0
1.85,42.150000000000006,1.85_42.15,0,0
1.85,42.400000000000006,1.85_42.4,0,0
1.85,42.45,1.85_42.45,0,0
1.9,41.25,1.9_41.25,0,0
1.9,41.3,1.9_41.3,0,0
1.9,41.35,1.9_41.35,0,0
1.9,41.400000000000006,1.9_41.4,0,0
1.9,41.45,1.9_41.45,0,0
1.9,41.5,1.9_41.5,0,0
1.9,41.6,1.9_41.6,0,0
1.9,41.7,1.9_41.7,0,0
1.9,41.75,1.9_41.75,0,0
1.9,42,1.9_42,0,0
1.9,42.05,1.9_42.05,0.04727419354838709,0.007257015003716245
1.9,42.3,1.9_42.3,0,0
1.9,42.35,1.9_42.35,0,0
1.9,42.400000000000006,1.9_42.4,0,0
1.95,41.3,1.95_41.3,0,0
1.95,41.400000000000006,1.95_41.4,0,0
1.95,41.45,1.95_41.45,0.01575806451612903,0.0024190050012387484
1.95,41.5,1.95_41.5,0,0
1.95,41.55,1.95_41.55,0,0
1.95,41.6,1.95_41.6,0,0
1.95,41.8,1.95_41.8,0,0
1.95,41.85,1.95_41.85,0,0
1.95,42.05,1.95_42.05,0,0
1.95,42.45,1.95_42.45,0,0
2,41.3,2_41.3,0,0
2,41.35,2_41.35,0,0
2,41.400000000000006,2_41.4,0,0
2,41.45,2_41.45,0,0
2,41.5,2_41.5,0.04727419354838709,0.007257015003716245
2,41.55,2_41.55,0.03151612903225806,0.004838010002477497
2,41.6,2_41.6,0.01575806451612903,0.0024190050012387484
2,42.05,2_42.05,0,0
2.0500000000000003,41.3,2.05_41.3,0,0
2.0500000000000003,41.35,2.05_41.35,0,0
2.0500000000000003,41.400000000000006,2.05_41.4,0,0
2.0500000000000003,41.45,2.05_41.45,0.01575806451612903,0.0024190050012387484
2.0500000000000003,41.5,2.05_41.5,0.04727419354838709,0.007257015003716245
2.0500000000000003,41.55,2.05_41.55,0,0
2.0500000000000003,41.6,2.05_41.6,0,0
2.0500000000000003,41.8,2.05_41.8,0,0
2.0500000000000003,42.05,2.05_42.05,0,0
2.0500000000000003,42.150000000000006,2.05_42.15,0,0
2.1,41.3,2.1_41.3,0,0
2.1,41.35,2.1_41.35,0.03151612903225806,0.004838010002477497
2.1,41.400000000000006,2.1_41.4,0,0
2.1,41.45,2.1_41.45,0,0
2.1,41.5,2.1_41.5,0.03151612903225806,0.004838010002477497
2.1,41.55,2.1_41.55,0,0
2.1,41.6,2.1_41.6,0,0
2.1,41.7,2.1_41.7,0,0
2.1,41.75,2.1_41.75,0,0
2.1,41.8,2.1_41.8,0,0
2.1,41.900000000000006,2.1_41.9,0,0
2.1,42.1,2.1_42.1,0,0
2.1,42.150000000000006,2.1_42.15,0,0
2.1,42.3,2.1_42.3,0,0
2.15,41.35,2.15_41.35,0,0
2.15,41.400000000000006,2.15_41.4,0.18909677419354837,0.02902806001486498
2.15,41.45,2.15_41.45,0,0
2.15,41.5,2.15_41.5,0,0
2.15,41.55,2.15_41.55,0.01575806451612903,0.0024190050012387484
2.15,41.6,2.15_41.6,0.04727419354838709,0.007257015003716245
2.15,41.650000000000006,2.15_41.65,0.01575806451612903,0.0024190050012387484
2.15,41.7,2.15_41.7,0,0
2.15,41.8,2.15_41.8,0,0
2.15,42.2,2.15_42.2,0,0
2.15,42.3,2.15_42.3,0,0
2.15,42.35,2.15_42.35,0,0
2.2,41.400000000000006,2.2_41.4,0.07879032258064515,0.012095025006193742
2.2,41.45,2.2_41.45,0.03151612903225806,0.004838010002477497
2.2,41.5,2.2_41.5,0,0
2.2,41.55,2.2_41.55,0,0
2.2,41.6,2.2_41.6,0,0
2.2,41.650000000000006,2.2_41.65,0,0
2.2,41.8,2.2_41.8,0,0
2.2,42.1,2.2_42.1,0,0
2.2,42.150000000000006,2.2_42.15,0,0
2.2,42.2,2.2_42.2,0,0
2.2,42.3,2.2_42.3,0,0
2.25,41.45,2.25_41.45,0,0
2.25,41.5,2.25_41.5,0,0
2.25,41.55,2.25_41.55,0.01575806451612903,0.0024190050012387484
2.25,41.6,2.25_41.6,0.03151612903225806,0.004838010002477497
2.25,41.650000000000006,2.25_41.65,0.01575806451612903,0.0024190050012387484
2.25,41.7,2.25_41.7,0,0
2.25,41.75,2.25_41.75,0,0
2.25,41.8,2.25_41.8,0,0
2.25,41.85,2.25_41.85,0,0
2.25,41.900000000000006,2.25_41.9,0,0
2.25,41.95,2.25_41.95,0,0
2.25,42,2.25_42,0,0
2.25,42.05,2.25_42.05,0,0
2.25,42.1,2.25_42.1,0,0
2.25,42.400000000000006,2.25_42.4,0,0
2.3000000000000003,41.5,2.3_41.5,0,0
2.3000000000000003,41.55,2.3_41.55,0,0
2.3000000000000003,41.6,2.3_41.6,0,0
2.3000000000000003,41.75,2.3_41.75,0,0
2.3000000000000003,41.85,2.3_41.85,0,0
2.3000000000000003,41.900000000000006,2.3_41.9,0,0
2.3000000000000003,42.05,2.3_42.05,0,0
2.3000000000000003,42.3,2.3_42.3,0,0
2.3000000000000003,42.35,2.3_42.35,0,0
2.35,41.5,2.35_41.5,0.01575806451612903,0.0024190050012387484
2.35,41.55,2.35_41.55,0,0
2.35,41.6,2.35_41.6,0,0
2.35,41.650000000000006,2.35_41.65,0.03151612903225806,0.004838010002477497
2.35,41.85,2.35_41.85,0,0
2.35,41.95,2.35_41.95,0,0
2.35,42,2.35_42,0,0
2.35,42.25,2.35_42.25,0,0
2.35,42.3,2.35_42.3,0,0
2.4000000000000004,39.55,2.4_39.55,0.05555555555555555,0
2.4000000000000004,39.6,2.4_39.6,0,0
2.4000000000000004,41.5,2.4_41.5,0.01575806451612903,0.0024190050012387484
2.4000000000000004,41.55,2.4_41.55,0,0
2.4000000000000004,41.6,2.4_41.6,0,0
2.4000000000000004,41.650000000000006,2.4_41.65,0,0
2.4000000000000004,41.7,2.4_41.7,0,0
2.4000000000000004,41.75,2.4_41.75,0,0
2.4000000000000004,41.85,2.4_41.85,0,0
2.4000000000000004,42.1,2.4_42.1,0,0
2.4000000000000004,42.2,2.4_42.2,0,0
2.4000000000000004,42.35,2.4_42.35,0,0
2.45,41.55,2.45_41.55,0.01575806451612903,0.0024190050012387484
2.45,41.650000000000006,2.45_41.65,0.01575806451612903,0.0024190050012387484
2.45,41.7,2.45_41.7,0.01575806451612903,0.0024190050012387484
2.45,41.75,2.45_41.75,0,0
2.45,41.8,2.45_41.8,0,0
2.45,41.85,2.45_41.85,0,0
2.45,42,2.45_42,0,0
2.45,42.1,2.45_42.1,0,0
2.45,42.150000000000006,2.45_42.15,0,0
2.45,42.2,2.45_42.2,0,0
2.5,39.45,2.5_39.45,0,0
2.5,39.5,2.5_39.5,0,0
2.5,39.55,2.5_39.55,0,0
2.5,39.6,2.5_39.6,0,0
2.5,41.55,2.5_41.55,0,0
2.5,41.6,2.5_41.6,0,0
2.5,41.650000000000006,2.5_41.65,0,0
2.5,41.7,2.5_41.7,0,0
2.5,41.8,2.5_41.8,0,0
2.5,41.85,2.5_41.85,0,0
2.5,42.05,2.5_42.05,0,0
2.5,42.1,2.5_42.1,0,0
2.5,42.150000000000006,2.5_42.15,0,0
2.5,42.2,2.5_42.2,0,0
2.5500000000000003,39.650000000000006,2.55_39.65,0,0
2.5500000000000003,41.6,2.55_41.6,0,0
2.5500000000000003,41.650000000000006,2.55_41.65,0,0
2.5500000000000003,41.7,2.55_41.7,0.01575806451612903,0.0024190050012387484
2.5500000000000003,41.75,2.55_41.75,0,0
2.5500000000000003,41.85,2.55_41.85,0,0
2.5500000000000003,42.05,2.55_42.05,0,0
2.5500000000000003,42.2,2.55_42.2,0,0
2.6,39.55,2.6_39.55,0.05555555555555555,0
2.6,39.6,2.6_39.6,0,0
2.6,39.650000000000006,2.6_39.65,0,0
2.6,39.7,2.6_39.7,0,0
2.6,41.6,2.6_41.6,0,0
2.6,41.75,2.6_41.75,0,0
2.6,41.95,2.6_41.95,0,0
2.6,42,2.6_42,0,0
2.6,42.2,2.6_42.2,0,0
2.6500000000000004,39.6,2.65_39.6,0,0
2.6500000000000004,39.650000000000006,2.65_39.65,0,0
2.6500000000000004,39.75,2.65_39.75,0,0
2.6500000000000004,41.650000000000006,2.65_41.65,0.01575806451612903,0.0024190050012387484
2.6500000000000004,41.7,2.65_41.7,0,0
2.6500000000000004,41.75,2.65_41.75,0,0
2.6500000000000004,41.85,2.65_41.85,0,0
2.6500000000000004,41.900000000000006,2.65_41.9,0,0
2.6500000000000004,42.150000000000006,2.65_42.15,0,0
2.6500000000000004,42.2,2.65_42.2,0,0
2.7,39.55,2.7_39.55,0,0
2.7,39.6,2.7_39.6,0.05555555555555555,0
2.7,39.650000000000006,2.7_39.65,0,0
2.7,39.75,2.7_39.75,0,0
2.7,41.650000000000006,2.7_41.65,0,0
2.7,41.7,2.7_41.7,0,0
2.7,41.75,2.7_41.75,0.07071428571428572,0.007110609316119057
2.7,41.8,2.7_41.8,0,0
2.7,41.900000000000006,2.7_41.9,0,0
2.7,42,2.7_42,0,0
2.7,42.1,2.7_42.1,0,0
2.7,42.2,2.7_42.2,0,0
2.7,42.25,2.7_42.25,0,0
2.7,42.3,2.7_42.3,0,0
2.75,39.45,2.75_39.45,0.16666666666666666,0
2.75,39.5,2.75_39.5,0,0
2.75,39.55,2.75_39.55,0,0
2.75,39.6,2.75_39.6,0.05555555555555555,0
2.75,39.650000000000006,2.75_39.65,0,0
2.75,39.7,2.75_39.7,0,0
2.75,41.650000000000006,2.75_41.65,0.01575806451612903,0.0024190050012387484
2.75,41.7,2.75_41.7,0,0
2.75,41.75,2.75_41.75,0,0
2.75,41.8,2.75_41.8,0,0
2.75,41.85,2.75_41.85,0,0
2.75,41.900000000000006,2.75_41.9,0,0
2.75,41.95,2.75_41.95,0.07071428571428572,0.007110609316119057
2.75,42,2.75_42,0,0
2.75,42.1,2.75_42.1,0.21214285714285713,0.02133182794835717
2.8000000000000003,39.6,2.8_39.6,0,0
2.8000000000000003,39.650000000000006,2.8_39.65,0,0
2.8000000000000003,41.7,2.8_41.7,0,0
2.8000000000000003,41.75,2.8_41.75,0,0
2.8000000000000003,41.8,2.8_41.8,0,0
2.8000000000000003,41.85,2.8_41.85,0,0
2.8000000000000003,41.900000000000006,2.8_41.9,0,0
2.8000000000000003,41.95,2.8_41.95,0.28285714285714286,0.028442437264476227
2.8000000000000003,42,2.8_42,0.14142857142857143,0.014221218632238113
2.8000000000000003,42.05,2.8_42.05,0,0
2.8000000000000003,42.150000000000006,2.8_42.15,0,0
2.85,39.55,2.85_39.55,0,0
2.85,41.7,2.85_41.7,0,0
2.85,41.8,2.85_41.8,0,0
2.85,42,2.85_42,0,0
2.85,42.05,2.85_42.05,0,0
2.85,42.2,2.85_42.2,0,0
2.85,42.400000000000006,2.85_42.4,0,0
2.9000000000000004,39.35,2.9_39.35,0,0
2.9000000000000004,39.45,2.9_39.45,0,0
2.9000000000000004,39.5,2.9_39.5,0.05555555555555555,0
2.9000000000000004,39.55,2.9_39.55,0,0
2.9000000000000004,39.7,2.9_39.7,0,0
2.9000000000000004,39.75,2.9_39.75,0,0
2.9000000000000004,41.7,2.9_41.7,0,0
2.9000000000000004,41.8,2.9_41.8,0,0
2.9000000000000004,42,2.9_42,0,0
2.9000000000000004,42.05,2.9_42.05,0,0
2.9000000000000004,42.1,2.9_42.1,0,0
2.9000000000000004,42.150000000000006,2.9_42.15,0,0
2.9000000000000004,42.35,2.9_42.35,0,0
2.95,39.35,2.95_39.35,0,0
2.95,39.45,2.95_39.45,0,0
2.95,39.55,2.95_39.55,0,0
2.95,39.6,2.95_39.6,0,0
2.95,39.650000000000006,2.95_39.65,0,0
2.95,39.75,2.95_39.75,0,0
2.95,41.75,2.95_41.75,0,0
2.95,41.8,2.95_41.8,0,0
2.95,41.85,2.95_41.85,0,0
2.95,42.150000000000006,2.95_42.15,0,0
2.95,42.25,2.95_42.25,0.07071428571428572,0.007110609316119057
3,39.3,3_39.3,0,0
3,39.45,3_39.45,0,0
3,39.6,3_39.6,0,0
3,39.75,3_39.75,0,0
3,39.8,3_39.8,0,0
3,41.8,3_41.8,0,0
3,41.85,3_41.85,0,0
3,41.95,3_41.95,0,0
3,42,3_42,0,0
3,42.1,3_42.1,0,0
3,42.25,3_42.25,0,0
3,42.3,3_42.3,0,0
3.0500000000000003,39.6,3.05_39.6,0,0
3.0500000000000003,39.75,3.05_39.75,0,0
3.0500000000000003,39.8,3.05_39.8,0,0
3.0500000000000003,39.85,3.05_39.85,0,0
3.0500000000000003,39.900000000000006,3.05_39.9,0,0
3.0500000000000003,41.8,3.05_41.8,0.07071428571428572,0.007110609316119057
3.0500000000000003,41.85,3.05_41.85,0,0
3.0500000000000003,41.95,3.05_41.95,0,0
3.0500000000000003,42,3.05_42,0,0
3.0500000000000003,42.05,3.05_42.05,0,0
3.0500000000000003,42.1,3.05_42.1,0,0
3.0500000000000003,42.150000000000006,3.05_42.15,0.07071428571428572,0.007110609316119057
3.0500000000000003,42.25,3.05_42.25,0,0
3.0500000000000003,42.3,3.05_42.3,0,0
3.0500000000000003,42.35,3.05_42.35,0,0
3.1,39.35,3.1_39.35,0,0
3.1,39.6,3.1_39.6,0,0
3.1,39.650000000000006,3.1_39.65,0,0
3.1,39.7,3.1_39.7,0,0
3.1,39.8,3.1_39.8,0,0
3.1,41.85,3.1_41.85,0,0
3.1,41.95,3.1_41.95,0,0
3.1,42.1,3.1_42.1,0,0
3.1,42.25,3.1_42.25,0,0
3.1,42.3,3.1_42.3,0,0
3.1,42.35,3.1_42.35,0,0
3.1500000000000004,39.45,3.15_39.45,0,0
3.1500000000000004,39.75,3.15_39.75,0,0
3.1500000000000004,39.85,3.15_39.85,0,0
3.1500000000000004,41.85,3.15_41.85,0,0
3.1500000000000004,41.900000000000006,3.15_41.9,0,0
3.1500000000000004,41.95,3.15_41.95,0,0
3.1500000000000004,42,3.15_42,0,0
3.1500000000000004,42.05,3.15_42.05,0,0
3.1500000000000004,42.1,3.15_42.1,0,0
3.1500000000000004,42.3,3.15_42.3,0,0
3.1500000000000004,42.35,3.15_42.35,0,0
3.1500000000000004,42.400000000000006,3.15_42.4,0,0
3.2,39.35,3.2_39.35,0,0
3.2,39.400000000000006,3.2_39.4,0,0
3.2,39.55,3.2_39.55,0,0
3.2,41.95,3.2_41.95,0,0
3.2,42.3,3.2_42.3,0,0
3.25,39.400000000000006,3.25_39.4,0.05555555555555555,0
3.25,39.55,3.25_39.55,0,0
3.25,39.7,3.25_39.7,0,0
3.3000000000000003,42.3,3.3_42.3,0,0
3.35,39.55,3.35_39.55,0,0
3.35,39.6,3.35_39.6,0.05555555555555555,0
3.4000000000000004,39.650000000000006,3.4_39.65,0,0
3.45,39.7,3.45_39.7,0.05555555555555555,0
3.8,40,3.8_40,0,0
3.85,40,3.85_40,0,0
3.95,40,3.95_40,0,0
4.05,39.900000000000006,4.05_39.9,0,0
4.1000000000000005,39.95,4.1_39.95,0,0
4.1000000000000005,40,4.1_40,0,0
4.15,39.85,4.15_39.85,0,0
4.15,39.900000000000006,4.15_39.9,0,0
4.15,40,4.15_40,0,0
4.2,39.85,4.2_39.85,0,0
4.2,39.900000000000006,4.2_39.9,0,0
4.25,39.8,4.25_39.8,0,0
4.25,39.85,4.25_39.85,0,0
4.25,39.95,4.25_39.95,0,0
