year,month,lon,lat,est,se
2017,07,-2.125,43.25,0.065,0.24664921616708177
2017,07,-2.15,43.225,0.065,0.24664921616708177
2017,07,-2.15,43.25,0.065,0.24664921616708177
2017,07,-2.15,43.275,0.065,0.24664921616708177
2017,07,-2.15,43.275000000000006,0.065,0.24664921616708177
2017,07,-2.2,43.25,0.065,0.24664921616708177
2017,07,-2.225,43.25,0.065,0.24664921616708177
2017,07,-2.375,43.2,0.067,0.25014710386805117
2017,07,-2.4000000000000004,43.225,0.067,0.25014710386805117
2017,07,-2.4000000000000004,43.25,0.061,0.239450070654273
2017,07,-2.4250000000000003,43.2,0.067,0.25014710386805117
2017,07,-2.4250000000000003,43.225,0.067,0.25014710386805117
2017,07,-2.4250000000000003,43.25,0.061,0.239450070654273
2017,07,-2.45,43.2,0.067,0.25014710386805117
2017,07,-2.45,43.225,0.067,0.25014710386805117
2017,07,-2.875,43.2,0.386,0.48707416400507353
2017,07,-3.1500000000000004,43.325,0.394,0.4888793337859589
2017,07,-3.85,43.4,0.017,0.1293357171384909
2017,07,-3.85,43.400000000000006,0.017,0.1293357171384909
2017,07,-3.875,43.375,0.006,0.07726558075864033
2017,07,-3.875,43.4,0.017,0.1293357171384909
2017,07,-3.875,43.400000000000006,0.017,0.1293357171384909
2017,07,-3.875,43.425,0.017,0.1293357171384909
2017,07,-3.9,43.375,0.017,0.1293357171384909
2017,07,-3.9,43.4,0.017,0.1293357171384909
2017,07,-3.9,43.425,0.017,0.1293357171384909
2017,07,-3.9250000000000003,43.35,0.006,0.07726558075864033
2017,07,-3.9250000000000003,43.375,0.017,0.1293357171384909
2017,07,-3.925,43.375,0.017,0.1293357171384909
2017,07,-3.9250000000000003,43.375,0.017,0.1293357171384909
2017,07,-3.925,43.375,0.017,0.1293357171384909
2017,07,-3.9250000000000003,43.45,0.006,0.07726558075864033
2017,07,-3.95,43.324999999999996,0.006,0.07726558075864033
2017,07,-3.95,43.35,0.006,0.07726558075864033
2017,07,-3.95,43.375,0.006,0.07726558075864033
2017,07,-3.95,43.4,0.006,0.07726558075864033
2017,07,-3.95,43.400000000000006,0.006,0.07726558075864033
2017,07,-3.95,43.425,0.006,0.07726558075864033
2017,07,-3.95,43.45,0.006,0.07726558075864033
2017,07,-3.975,43.324999999999996,0.006,0.07726558075864033
2017,07,-3.975,43.35,0.006,0.07726558075864033
2017,07,-3.975,43.375,0.006,0.07726558075864033
2017,07,-3.975,43.4,0.006,0.07726558075864033
2017,07,-3.975,43.400000000000006,0.006,0.07726558075864033
2017,07,-4,43.324999999999996,0.006,0.07726558075864033
2017,07,-4,43.325,0.006,0.07726558075864033
2017,07,-4,43.35,0.006,0.07726558075864033
2017,07,-4,43.375,0.006,0.07726558075864033
2017,07,-4.3,43.275,0.05,0.21805400144814482
2017,07,-4.3,43.3,0.05,0.21805400144814482
2017,07,-4.324999999999999,43.3,0.05,0.21805400144814482
2017,07,-4.325,43.3,0.05,0.21805400144814482
2017,07,-4.325,43.325,0.05,0.21805400144814482
2017,07,-4.3500000000000005,43.375,0.053,0.22414558046332575
2017,07,-4.375,43.3,0.05,0.21805400144814482
2017,07,-4.375,43.324999999999996,0.05,0.21805400144814482
2017,07,-4.375,43.35,0.05,0.21805400144814482
2017,07,-4.375,43.375,0.053,0.22414558046332575
2017,07,-4.4,43.3,0.05,0.21805400144814482
2017,07,-4.4,43.324999999999996,0.053,0.22414558046332575
2017,07,-4.4,43.35,0.053,0.22414558046332575
2017,07,-4.4,43.375,0.053,0.22414558046332575
2017,07,-4.425,43.3,0.05,0.21805400144814482
2017,07,-4.425,43.324999999999996,0.053,0.22414558046332575
2017,07,-4.425,43.35,0.053,0.22414558046332575
2017,07,-4.425,43.375,0.053,0.22414558046332575
2017,07,-4.45,43.324999999999996,0.053,0.22414558046332575
2017,07,-4.625,43.375,0.005,0.07056897321046962
2017,07,-4.65,43.35,0.005,0.07056897321046962
2017,07,-4.65,43.375,0.005,0.07056897321046962
2017,07,-4.675,43.35,0.005,0.07056897321046962
2017,07,-4.675,43.375,0.005,0.07056897321046962
2017,07,-4.7,43.375,0.005,0.07056897321046962
2017,07,-4.725,43.375,0.005,0.07056897321046962
2017,07,-4.7250000000000005,43.375,0.005,0.07056897321046962
2017,07,-4.75,43.375,0.005,0.07056897321046962
2017,07,-4.75,43.4,0.005,0.07056897321046962
2017,07,-4.75,43.400000000000006,0.005,0.07056897321046962
2017,07,-4.7749999999999995,43.4,0.005,0.07056897321046962
2017,07,-4.775,43.400000000000006,0.005,0.07056897321046962
2017,07,-4.824999999999999,43.4,0.005,0.07056897321046962
2017,07,-4.824999999999999,43.425,0.005,0.07056897321046962
2017,07,-4.825,43.425,0.005,0.07056897321046962
2017,07,-4.85,43.4,0.005,0.07056897321046962
2017,07,-4.8500000000000005,43.400000000000006,0.005,0.07056897321046962
2017,07,-4.85,43.425,0.005,0.07056897321046962
2017,07,-4.8500000000000005,43.425,0.005,0.07056897321046962
2017,07,-4.875,43.4,0.005,0.07056897321046962
2017,07,-4.875,43.400000000000006,0.005,0.07056897321046962
2017,07,-4.875,43.425,0.005,0.07056897321046962
2017,07,-4.9,43.4,0.005,0.07056897321046962
2017,07,-4.9,43.425,0.005,0.07056897321046962
2017,07,-4.925,43.4,0.005,0.07056897321046962
2017,07,-4.925,43.425,0.005,0.07056897321046962
2017,07,-4.925000000000001,43.425,0.005,0.07056897321046962
2017,07,-4.95,43.4,0.005,0.07056897321046962
2017,07,-4.95,43.425,0.005,0.07056897321046962
2017,07,-4.975,43.4,0.005,0.07056897321046962
2017,07,-4.975,43.425,0.005,0.07056897321046962
2017,07,-4.9750000000000005,43.425,0.005,0.07056897321046962
2017,07,-5,43.25,0.006,0.07726558075864033
2017,07,-5,43.275,0.006,0.07726558075864033
2017,07,-5,43.4,0.005,0.07056897321046962
2017,07,-5,43.425,0.005,0.07056897321046962
2017,07,-5.0249999999999995,43.25,0.006,0.07726558075864033
2017,07,-5.025,43.25,0.006,0.07726558075864033
2017,07,-5.0249999999999995,43.3,0.006,0.07726558075864033
2017,07,-5.025,43.325,0.006,0.07726558075864033
2017,07,-5.0249999999999995,43.35,0.006,0.07726558075864033
2017,07,-5.025,43.35,0.006,0.07726558075864033
2017,07,-5.0249999999999995,43.4,0.005,0.07056897321046962
2017,07,-5.025,43.425,0.006,0.07726558075864033
2017,07,-5.074999999999999,43.3,0.006,0.07726558075864033
2017,07,-5.074999999999999,43.324999999999996,0.006,0.07726558075864033
2017,07,-5.074999999999999,43.4,0.006,0.07726558075864033
2017,07,-5.075,43.400000000000006,0.006,0.07726558075864033
2017,07,-5.074999999999999,43.425,0.006,0.07726558075864033
2017,07,-5.074999999999999,43.45,0.006,0.07726558075864033
2017,07,-5.075,43.45,0.006,0.07726558075864033
2017,07,-5.1,43.3,0.006,0.07726558075864033
2017,07,-5.1,43.324999999999996,0.006,0.07726558075864033
2017,07,-5.1,43.4,0.006,0.07726558075864033
2017,07,-5.1,43.425,0.006,0.07726558075864033
2017,07,-5.1,43.45,0.006,0.07726558075864033
2017,07,-5.1000000000000005,43.45,0.006,0.07726558075864033
2017,07,-5.125,43.3,0.006,0.07726558075864033
2017,07,-5.125,43.324999999999996,0.006,0.07726558075864033
2017,07,-5.125,43.35,0.006,0.07726558075864033
2017,07,-5.125,43.375,0.006,0.07726558075864033
2017,07,-5.125,43.4,0.006,0.07726558075864033
2017,07,-5.125,43.425,0.006,0.07726558075864033
2017,07,-5.125,43.45,0.006,0.07726558075864033
2017,07,-5.15,43.35,0.006,0.07726558075864033
2017,07,-5.15,43.375,0.006,0.07726558075864033
2017,07,-5.15,43.425,0.006,0.07726558075864033
2017,07,-5.15,43.45,0.006,0.07726558075864033
2017,07,-5.175,43.375,0.006,0.07726558075864033
2017,07,-5.175,43.425,0.006,0.07726558075864033
2017,07,-5.175,43.45,0.006,0.07726558075864033
2017,07,-5.175000000000001,43.45,0.006,0.07726558075864033
2017,07,-5.25,43.35,0.007,0.08341437500789632
2017,07,-5.300000000000001,43.35,0.007,0.08341437500789632
2017,07,-5.324999999999999,43.35,0.007,0.08341437500789632
2017,07,-5.3500000000000005,43.375,0.007,0.08341437500789632
2017,07,-5.35,43.5,0,0
2017,07,-5.3500000000000005,43.5,0,0
2017,07,-5.375,43.3,0.007,0.08341437500789632
2017,07,-5.375,43.324999999999996,0.007,0.08341437500789632
2017,07,-5.375,43.35,0.007,0.08341437500789632
2017,07,-5.375,43.375,0.007,0.08341437500789632
2017,07,-5.375,43.4,0.007,0.08341437500789632
2017,07,-5.375,43.425,0,0
2017,07,-5.375,43.45,0,0
2017,07,-5.375,43.475,0,0
2017,07,-5.375,43.5,0,0
2017,07,-5.4,43.3,0.007,0.08341437500789632
2017,07,-5.4,43.324999999999996,0.007,0.08341437500789632
2017,07,-5.4,43.35,0.007,0.08341437500789632
2017,07,-5.4,43.425,0,0
2017,07,-5.4,43.45,0,0
2017,07,-5.4,43.475,0,0
2017,07,-5.4,43.5,0,0
2017,07,-5.4,43.525,0,0
2017,07,-5.4,43.525000000000006,0,0
2017,07,-5.425,43.45,0,0
2017,07,-5.425,43.475,0,0
2017,07,-5.425000000000001,43.475,0,0
2017,07,-5.425,43.5,0,0
2017,07,-5.425000000000001,43.5,0,0
2017,07,-5.425,43.525,0,0
2017,07,-5.45,43.425,0,0
2017,07,-5.45,43.45,0,0
2017,07,-5.45,43.475,0,0
2017,07,-5.45,43.5,0,0
2017,07,-5.45,43.525,0,0
2017,07,-5.4750000000000005,43.425,0,0
2017,07,-5.475,43.45,0,0
2017,07,-5.475,43.475,0,0
2017,07,-5.4750000000000005,43.475,0,0
2017,07,-5.475,43.5,0,0
2017,07,-5.4750000000000005,43.5,0,0
2017,07,-5.475,43.525,0,0
2017,07,-5.4750000000000005,43.525000000000006,0,0
2017,07,-5.5,43.2,0.425,0.4945903553645376
2017,07,-5.5,43.225,0.425,0.4945903553645376
2017,07,-5.5,43.45,0,0
2017,07,-5.5,43.475,0,0
2017,07,-5.5,43.5,0,0
2017,07,-5.5,43.525,0,0
2017,07,-5.5,43.525000000000006,0,0
2017,07,-5.5249999999999995,43.45,0,0
2017,07,-5.525,43.45,0,0
2017,07,-5.5249999999999995,43.5,0,0
2017,07,-5.525,43.5,0,0
2017,07,-5.550000000000001,43.475,0,0
2017,07,-5.550000000000001,43.5,0,0
2017,07,-5.550000000000001,43.525000000000006,0,0
2017,07,-5.574999999999999,43.2,0.425,0.4945903553645376
2017,07,-5.575,43.2,0.425,0.4945903553645376
2017,07,-5.574999999999999,43.2,0.425,0.4945903553645376
2017,07,-5.575,43.2,0.425,0.4945903553645376
2017,07,-5.575,43.225,0.425,0.4945903553645376
2017,07,-5.574999999999999,43.25,0.425,0.4945903553645376
2017,07,-5.575,43.25,0.425,0.4945903553645376
2017,07,-5.574999999999999,43.375,0.038,0.19129190414806527
2017,07,-5.575,43.375,0.038,0.19129190414806527
2017,07,-5.574999999999999,43.425,0,0
2017,07,-5.574999999999999,43.45,0,0
2017,07,-5.574999999999999,43.5,0,0
2017,07,-5.575,43.5,0,0
2017,07,-5.574999999999999,43.525,0,0
2017,07,-5.6,43.35,0.038,0.19129190414806527
2017,07,-5.6,43.375,0.038,0.19129190414806527
2017,07,-5.6,43.5,0.004,0.06315051850925682
2017,07,-5.6,43.525,0.004,0.06315051850925682
2017,07,-5.6000000000000005,43.525000000000006,0.004,0.06315051850925682
2017,07,-5.625,43.2,0.425,0.4945903553645376
2017,07,-5.625,43.324999999999996,0.038,0.19129190414806527
2017,07,-5.625,43.325,0.038,0.19129190414806527
2017,07,-5.625,43.35,0.038,0.19129190414806527
2017,07,-5.625,43.375,0.038,0.19129190414806527
2017,07,-5.625,43.4,0.038,0.19129190414806527
2017,07,-5.625,43.425,0.038,0.19129190414806527
2017,07,-5.625,43.45,0.004,0.06315051850925682
2017,07,-5.625,43.475,0.004,0.06315051850925682
2017,07,-5.625,43.5,0.004,0.06315051850925682
2017,07,-5.625,43.525,0.004,0.06315051850925682
2017,07,-5.625,43.525000000000006,0.004,0.06315051850925682
2017,07,-5.65,43.324999999999996,0.038,0.19129190414806527
2017,07,-5.65,43.325,0.038,0.19129190414806527
2017,07,-5.65,43.35,0.038,0.19129190414806527
2017,07,-5.65,43.375,0.038,0.19129190414806527
2017,07,-5.65,43.4,0.038,0.19129190414806527
2017,07,-5.65,43.425,0.038,0.19129190414806527
2017,07,-5.65,43.45,0.004,0.06315051850925682
2017,07,-5.65,43.475,0.004,0.06315051850925682
2017,07,-5.65,43.5,0.004,0.06315051850925682
2017,07,-5.65,43.525,0.004,0.06315051850925682
2017,07,-5.65,43.525000000000006,0.004,0.06315051850925682
2017,07,-5.675,43.35,0.038,0.19129190414806527
2017,07,-5.675,43.375,0.038,0.19129190414806527
2017,07,-5.675000000000001,43.375,0.038,0.19129190414806527
2017,07,-5.675,43.4,0.038,0.19129190414806527
2017,07,-5.675000000000001,43.425,0.038,0.19129190414806527
2017,07,-5.675,43.45,0.004,0.06315051850925682
2017,07,-5.675000000000001,43.45,0.004,0.06315051850925682
2017,07,-5.675,43.475,0.004,0.06315051850925682
2017,07,-5.675000000000001,43.475,0.004,0.06315051850925682
2017,07,-5.675,43.5,0.004,0.06315051850925682
2017,07,-5.675000000000001,43.5,0.004,0.06315051850925682
2017,07,-5.675,43.525,0.004,0.06315051850925682
2017,07,-5.675000000000001,43.525000000000006,0.004,0.06315051850925682
2017,07,-5.7,43.324999999999996,0.038,0.19129190414806527
2017,07,-5.7,43.325,0.038,0.19129190414806527
2017,07,-5.7,43.35,0.038,0.19129190414806527
2017,07,-5.7,43.375,0.038,0.19129190414806527
2017,07,-5.7,43.400000000000006,0.038,0.19129190414806527
2017,07,-5.7,43.425,0.038,0.19129190414806527
2017,07,-5.7,43.45,0.004,0.06315051850925682
2017,07,-5.7,43.475,0.004,0.06315051850925682
2017,07,-5.7,43.5,0.004,0.06315051850925682
2017,07,-5.7,43.525,0.004,0.06315051850925682
2017,07,-5.7,43.525000000000006,0.004,0.06315051850925682
2017,07,-5.7,43.525,0.004,0.06315051850925682
2017,07,-5.7,43.525000000000006,0.004,0.06315051850925682
2017,07,-5.725,43.35,0.038,0.19129190414806527
2017,07,-5.725,43.4,0.038,0.19129190414806527
2017,07,-5.7250000000000005,43.400000000000006,0.038,0.19129190414806527
2017,07,-5.725,43.45,0.004,0.06315051850925682
2017,07,-5.725,43.475,0.004,0.06315051850925682
2017,07,-5.7250000000000005,43.475,0.004,0.06315051850925682
2017,07,-5.725,43.5,0.004,0.06315051850925682
2017,07,-5.7250000000000005,43.5,0.004,0.06315051850925682
2017,07,-5.725,43.525,0.004,0.06315051850925682
2017,07,-5.7250000000000005,43.525000000000006,0.004,0.06315051850925682
2017,07,-5.725,43.525,0.004,0.06315051850925682
2017,07,-5.7250000000000005,43.525000000000006,0.004,0.06315051850925682
2017,07,-5.725,43.55,0.004,0.06315051850925682
2017,07,-5.7250000000000005,43.55,0.004,0.06315051850925682
2017,07,-5.75,43.324999999999996,0.038,0.19129190414806527
2017,07,-5.75,43.325,0.038,0.19129190414806527
2017,07,-5.75,43.35,0.038,0.19129190414806527
2017,07,-5.75,43.375,0.038,0.19129190414806527
2017,07,-5.75,43.45,0.004,0.06315051850925682
2017,07,-5.75,43.475,0.004,0.06315051850925682
2017,07,-5.75,43.5,0.004,0.06315051850925682
2017,07,-5.75,43.525,0.004,0.06315051850925682
2017,07,-5.75,43.525000000000006,0.004,0.06315051850925682
2017,07,-5.7749999999999995,43,0.4,0.4901430813958718
2017,07,-5.775,43,0.4,0.4901430813958718
2017,07,-5.7749999999999995,43.35,0.038,0.19129190414806527
2017,07,-5.775,43.375,0.038,0.19129190414806527
2017,07,-5.7749999999999995,43.4,0.038,0.19129190414806527
2017,07,-5.775,43.425,0.038,0.19129190414806527
2017,07,-5.7749999999999995,43.5,0.004,0.06315051850925682
2017,07,-5.775,43.5,0.004,0.06315051850925682
2017,07,-5.800000000000001,43.025000000000006,0.4,0.4901430813958718
2017,07,-5.800000000000001,43.175,0.4,0.4901430813958718
2017,07,-5.800000000000001,43.375,0.038,0.19129190414806527
2017,07,-5.800000000000001,43.400000000000006,0.038,0.19129190414806527
2017,07,-5.800000000000001,43.425,0.038,0.19129190414806527
2017,07,-5.800000000000001,43.45,0.038,0.19129190414806527
2017,07,-5.800000000000001,43.475,0.004,0.06315051850925682
2017,07,-5.800000000000001,43.5,0.004,0.06315051850925682
2017,07,-5.824999999999999,42.975,0.4,0.4901430813958718
2017,07,-5.824999999999999,43,0.4,0.4901430813958718
2017,07,-5.825,43,0.4,0.4901430813958718
2017,07,-5.824999999999999,43.05,0.4,0.4901430813958718
2017,07,-5.825,43.075,0.4,0.4901430813958718
2017,07,-5.824999999999999,43.1,0.4,0.4901430813958718
2017,07,-5.825,43.1,0.4,0.4901430813958718
2017,07,-5.825,43.125,0.4,0.4901430813958718
2017,07,-5.824999999999999,43.15,0.4,0.4901430813958718
2017,07,-5.824999999999999,43.175,0.4,0.4901430813958718
2017,07,-5.825,43.175,0.4,0.4901430813958718
2017,07,-5.824999999999999,43.3,0,0.17067257872642908
2017,07,-5.825,43.325,0,0.17067257872642908
2017,07,-5.824999999999999,43.35,0,0.17067257872642908
2017,07,-5.825,43.35,0,0.17067257872642908
2017,07,-5.824999999999999,43.375,0,0.17067257872642908
2017,07,-5.825,43.375,0,0.17067257872642908
2017,07,-5.824999999999999,43.4,0.038,0.19129190414806527
2017,07,-5.825,43.400000000000006,0.038,0.19129190414806527
2017,07,-5.824999999999999,43.425,0.038,0.19129190414806527
2017,07,-5.825,43.425,0.038,0.19129190414806527
2017,07,-5.824999999999999,43.45,0.038,0.19129190414806527
2017,07,-5.825,43.45,0.038,0.19129190414806527
2017,07,-5.824999999999999,43.45,0.038,0.19129190414806527
2017,07,-5.825,43.45,0.038,0.19129190414806527
2017,07,-5.824999999999999,43.475,0.038,0.19129190414806527
2017,07,-5.825,43.475,0.038,0.19129190414806527
2017,07,-5.85,42.975,0.4,0.4901430813958718
2017,07,-5.8500000000000005,42.975,0.4,0.4901430813958718
2017,07,-5.85,43.15,0.4,0.4901430813958718
2017,07,-5.8500000000000005,43.150000000000006,0.4,0.4901430813958718
2017,07,-5.85,43.15,0.4,0.4901430813958718
2017,07,-5.8500000000000005,43.150000000000006,0.4,0.4901430813958718
2017,07,-5.85,43.175,0.4,0.4901430813958718
2017,07,-5.8500000000000005,43.175,0.4,0.4901430813958718
2017,07,-5.8500000000000005,43.325,0,0.17067257872642908
2017,07,-5.85,43.35,0,0.17067257872642908
2017,07,-5.8500000000000005,43.35,0,0.17067257872642908
2017,07,-5.85,43.375,0,0.17067257872642908
2017,07,-5.8500000000000005,43.375,0,0.17067257872642908
2017,07,-5.85,43.375,0,0.17067257872642908
2017,07,-5.8500000000000005,43.375,0,0.17067257872642908
2017,07,-5.85,43.4,0.038,0.19129190414806527
2017,07,-5.8500000000000005,43.400000000000006,0.038,0.19129190414806527
2017,07,-5.85,43.425,0.038,0.19129190414806527
2017,07,-5.8500000000000005,43.425,0.038,0.19129190414806527
2017,07,-5.85,43.45,0.038,0.19129190414806527
2017,07,-5.875,43,0.4,0.4901430813958718
2017,07,-5.875,43.05,0.4,0.4901430813958718
2017,07,-5.875,43.074999999999996,0.4,0.4901430813958718
2017,07,-5.875,43.15,0.4,0.4901430813958718
2017,07,-5.875,43.3,0,0.17067257872642908
2017,07,-5.875,43.324999999999996,0,0.17067257872642908
2017,07,-5.875,43.325,0,0.17067257872642908
2017,07,-5.875,43.35,0.03,0.17067257872642908
2017,07,-5.875,43.375,0,0.17067257872642908
2017,07,-5.875,43.4,0,0.17067257872642908
2017,07,-5.875,43.425,0.038,0.19129190414806527
2017,07,-5.875,43.45,0.038,0.19129190414806527
2017,07,-5.9,42.975,0.4,0.4901430813958718
2017,07,-5.9,43.324999999999996,0,0.17067257872642908
2017,07,-5.9,43.325,0,0.17067257872642908
2017,07,-5.9,43.35,0,0.17067257872642908
2017,07,-5.9,43.375,0,0.17067257872642908
2017,07,-5.9,43.4,0.038,0.19129190414806527
2017,07,-5.9,43.400000000000006,0.038,0.19129190414806527
2017,07,-5.9,43.425,0.038,0.19129190414806527
2017,07,-5.9,43.45,0.038,0.19129190414806527
2017,07,-5.9,43.475,0.038,0.19129190414806527
2017,07,-5.9,43.55,0.003,0.05471740119919799
2017,07,-5.925,43.324999999999996,0,0.17067257872642908
2017,07,-5.925000000000001,43.325,0,0.17067257872642908
2017,07,-5.925,43.35,0,0.17067257872642908
2017,07,-5.925000000000001,43.35,0,0.17067257872642908
2017,07,-5.925,43.375,0,0.17067257872642908
2017,07,-5.925,43.525,0.003,0.05471740119919799
2017,07,-5.925000000000001,43.525000000000006,0.003,0.05471740119919799
2017,07,-5.925,43.525,0.003,0.05471740119919799
2017,07,-5.925000000000001,43.525000000000006,0.003,0.05471740119919799
2017,07,-5.925,43.55,0.003,0.05471740119919799
2017,07,-5.925000000000001,43.55,0.003,0.05471740119919799
2017,07,-5.95,43.3,0,0.17067257872642908
2017,07,-5.95,43.324999999999996,0,0.17067257872642908
2017,07,-5.95,43.35,0,0.17067257872642908
2017,07,-5.95,43.375,0.035,0.18387171834952978
2017,07,-5.95,43.525,0.003,0.05471740119919799
2017,07,-5.95,43.525000000000006,0.003,0.05471740119919799
2017,07,-5.95,43.55,0.003,0.05471740119919799
2017,07,-5.975,43.35,0,0.17067257872642908
2017,07,-5.975,43.4,0.035,0.18387171834952978
2017,07,-5.9750000000000005,43.425,0.035,0.18387171834952978
2017,07,-6,43.35,0.04,0.19605723255834873
2017,07,-6.0249999999999995,43.35,0.04,0.19605723255834873
2017,07,-6.025,43.35,0.04,0.19605723255834873
2017,07,-6.05,43.275,0.04,0.19605723255834873
2017,07,-6.074999999999999,43.275,0.04,0.19605723255834873
2017,07,-6.074999999999999,43.35,0.04,0.19605723255834873
2017,07,-6.075,43.375,0.04,0.19605723255834873
2017,07,-6.125,43.35,0.04,0.19605723255834873
2017,07,-6.125,43.375,0.04,0.19605723255834873
2017,07,11.225,47.25,0.419,0.4936422618482768
2017,07,11.325000000000001,47.25,0.429,0.49518098126261295
2017,07,11.325,47.25,0.429,0.49518098126261295
2017,07,11.325000000000001,47.25,0.429,0.49518098126261295
2017,07,11.325,47.25,0.429,0.49518098126261295
2017,07,11.35,47.25,0.429,0.49518098126261295
2017,07,11.375,47.25,0.444,0.49710271686152663
2017,07,11.375,48.15,0.223,0.41646661864361284
2017,07,11.4,48.125,0.223,0.41646661864361284
2017,07,11.425,48.125,0.223,0.41646661864361284
2017,07,11.45,48.125,0.223,0.41646661864361284
2017,07,11.475,48.075,0.223,0.41646661864361284
2017,07,11.475,48.1,0.223,0.41646661864361284
2017,07,11.5,48.1,0.223,0.41646661864361284
2017,07,11.5,48.125,0.223,0.41646661864361284
2017,07,11.5,48.15,0.223,0.41646661864361284
2017,07,11.5,48.150000000000006,0.223,0.41646661864361284
2017,07,11.5,48.175,0.223,0.41646661864361284
2017,07,11.525,48.1,0.223,0.41646661864361284
2017,07,11.525,48.125,0.223,0.41646661864361284
2017,07,11.525,48.15,0.223,0.41646661864361284
2017,07,11.525,48.150000000000006,0.223,0.41646661864361284
2017,07,11.525,48.175,0.223,0.41646661864361284
2017,07,11.525,48.2,0.223,0.41646661864361284
2017,07,11.55,48.1,0.223,0.41646661864361284
2017,07,11.55,48.125,0.223,0.41646661864361284
2017,07,11.55,48.15,0.223,0.41646661864361284
2017,07,11.55,48.150000000000006,0.223,0.41646661864361284
2017,07,11.55,48.175,0.223,0.41646661864361284
2017,07,11.55,48.2,0.223,0.41646661864361284
2017,07,11.575000000000001,48.1,0.223,0.41646661864361284
2017,07,11.575,48.1,0.223,0.41646661864361284
2017,07,11.575000000000001,48.125,0.223,0.41646661864361284
2017,07,11.575,48.125,0.223,0.41646661864361284
2017,07,11.575000000000001,48.15,0.223,0.41646661864361284
2017,07,11.575000000000001,48.175,0.223,0.41646661864361284
2017,07,11.575,48.175,0.223,0.41646661864361284
2017,07,11.575000000000001,48.2,0.223,0.41646661864361284
2017,07,11.575,48.2,0.223,0.41646661864361284
2017,07,11.6,48.1,0.223,0.41646661864361284
2017,07,11.6,48.125,0.223,0.41646661864361284
2017,07,11.6,48.175,0.223,0.41646661864361284
2017,07,11.6,48.2,0.223,0.41646661864361284
2017,07,11.625,48.074999999999996,0.223,0.41646661864361284
2017,07,11.625,48.075,0.223,0.41646661864361284
2017,07,11.625,48.1,0.223,0.41646661864361284
2017,07,11.625,48.125,0.223,0.41646661864361284
2017,07,11.625,48.15,0.223,0.41646661864361284
2017,07,11.625,48.2,0.223,0.41646661864361284
2017,07,11.65,48.1,0.223,0.41646661864361284
2017,07,11.65,48.125,0.223,0.41646661864361284
2017,07,11.675,48.1,0.223,0.41646661864361284
2017,07,11.675,48.125,0.223,0.41646661864361284
2017,07,11.975,47.45,0.442,0.49687310541312546
2017,07,12,47.475,0.471,0.49940805801309257
2017,07,12.175,45.625,0.093,0.290577761426155
2017,07,12.175,47.6,0.427,0.49488980179017217
2017,07,12.2,45.625,0.093,0.290577761426155
2017,07,12.2,45.65,0.093,0.290577761426155
2017,07,12.2,45.650000000000006,0.093,0.290577761426155
2017,07,12.2,45.675,0.093,0.290577761426155
2017,07,12.225,45.65,0.093,0.290577761426155
2017,07,12.225,45.650000000000006,0.093,0.290577761426155
2017,07,12.225,45.675,0.093,0.290577761426155
2017,07,12.25,45.650000000000006,0.093,0.290577761426155
2017,07,12.25,45.675,0.093,0.290577761426155
2017,07,12.425,47.5,0.432,0.49560228169533443
2017,07,12.425,47.55,0.46,0.49864681754589457
2017,07,12.85,48.150000000000006,0.427,0.49488980179017217
2017,07,12.925,48.075,0.457,0.49839682924292306
2017,07,13,48.225,0.439,0.49651336892930237
2017,07,13.025,47.8,0.439,0.49651336892930237
2017,07,13.025,48.225,0.439,0.49651336892930237
2017,07,13.05,47.3,0.463,0.4988786223921405
2017,07,13.075000000000001,47.3,0.463,0.4988786223921405
2017,07,13.075,47.775000000000006,0.445,0.49721446300587663
2017,07,13.1,48.150000000000006,0.429,0.49518098126261295
2017,07,13.2,48.125,0.451,0.49784219070589714
2017,07,13.35,48.150000000000006,0.471,0.49940805801309257
2017,07,13.425,48,0.438,0.4963893657225167
2017,07,13.5,48.400000000000006,0.44,0.49663532561291557
2017,07,13.55,47.900000000000006,0.448,0.49753747953651045
2017,07,13.55,48.475,0.468,0.4992246240173107
2017,07,13.575000000000001,47.9,0.448,0.49753747953651045
2017,07,13.575000000000001,48.45,0.456,0.4983094543677777
2017,07,13.625,47.65,0.467,0.49915945364198017
2017,07,13.675,47.375,0.425,0.4945903553645376
2017,07,13.725,48.125,0.457,0.49839682924292306
2017,07,13.725,48.125,0.457,0.49839682924292306
2017,07,13.725,48.15,0.457,0.49839682924292306
2017,07,13.775,47.9,0.45,0.497742652128334
2017,07,13.775,47.900000000000006,0.45,0.497742652128334
2017,07,13.775,47.9,0.45,0.497742652128334
2017,07,13.775,47.900000000000006,0.45,0.497742652128334
2017,07,13.8,47.95,0.447,0.4974318430081034
2017,07,13.85,46.725,0.441,0.49675523728066096
2017,07,13.925,48.125,0.432,0.49560228169533443
2017,07,13.95,47.85,0.434,0.4958728565770563
2017,07,13.975,47.85,0.434,0.4958728565770563
2017,07,13.975,48.15,0.022,0.1467567291047928
2017,07,13.975,48.150000000000006,0.022,0.1467567291047928
2017,07,13.975,48.35,0.45,0.497742652128334
2017,07,14,48.15,0.022,0.1467567291047928
2017,07,14,48.150000000000006,0.022,0.1467567291047928
2017,07,14,48.15,0.022,0.1467567291047928
2017,07,14,48.150000000000006,0.022,0.1467567291047928
2017,07,14.2,48.2,0.083,0.2760202658994212
2017,07,14.225,46.85,0.403,0.4907461989988632
2017,07,14.225,48.2,0.083,0.2760202658994212
2017,07,14.25,48.225,0.083,0.2760202658994212
2017,07,14.25,48.3,0.011,0.10435463521037237
2017,07,14.25,48.324999999999996,0.011,0.10435463521037237
2017,07,14.25,48.325,0.011,0.10435463521037237
2017,07,14.275,48.225,0.019,0.13659303663678343
2017,07,14.275,48.25,0.019,0.13659303663678343
2017,07,14.275,48.275000000000006,0.017,0.1293357171384909
2017,07,14.275,48.3,0.017,0.1293357171384909
2017,07,14.275,48.324999999999996,0.011,0.10435463521037237
2017,07,14.275,48.325,0.011,0.10435463521037237
2017,07,14.275,48.324999999999996,0.011,0.10435463521037237
2017,07,14.275,48.325,0.011,0.10435463521037237
2017,07,14.3,48.25,0.019,0.13659303663678343
2017,07,14.3,48.325,0.013,0.11333068359382575
2017,07,14.325,48.325,0.013,0.11333068359382575
2017,07,14.35,48.25,0.014,0.11754921445002436
2017,07,14.35,48.3,0.456,0.4983094543677777
2017,07,14.375,48.25,0.012,0.10893974420691407
2017,07,14.45,46.85,0.453,0.4980351785155734
2017,07,14.5,48.325,0.461,0.49872610491905045
2017,07,14.5,48.5,0.457,0.49839682924292306
2017,07,14.525,48.35,0.442,0.49687310541312546
2017,07,14.525,48.5,0.459,0.4985655098054493
2017,07,14.55,46.575,0.445,0.49721446300587663
2017,07,14.55,48.5,0.459,0.4985655098054493
2017,07,14.75,47.8,0.408,0.49170903772228736
2017,07,14.775,48.4,0.446,0.4973241712719495
2017,07,14.775,48.425,0.446,0.4973241712719495
2017,07,14.8,46.85,0.436,0.4961352135760474
2017,07,15.075,47.375,0.457,0.49839682924292306
2017,07,15.125,47.075,0.449,0.4976410821532389
2017,07,15.15,48.3,0.455,0.4982200550190881
2017,07,15.2,48.2,0.46,0.49864681754589457
2017,07,15.225,48.2,0.46,0.49864681754589457
2017,07,15.3,47.1,0.43,0.49532347546360583
2017,07,15.325000000000001,47.1,0.43,0.49532347546360583
2017,07,15.325,47.1,0.43,0.49532347546360583
2017,07,15.325000000000001,47.1,0.43,0.49532347546360583
2017,07,15.325,47.1,0.43,0.49532347546360583
2017,07,15.325000000000001,47.25,0.454,0.49812863010685515
2017,07,15.325,47.25,0.454,0.49812863010685515
2017,07,15.325000000000001,47.25,0.454,0.49812863010685515
2017,07,15.325,47.25,0.454,0.49812863010685515
2017,07,15.375,47.05,0.421,0.49396660110072527
2017,07,15.375,47.075,0.415,0.4929685771101623
2017,07,15.4,47.05,0.421,0.49396660110072527
2017,07,15.4,47.075,0.415,0.4929685771101623
2017,07,15.4,48.025000000000006,0.429,0.49518098126261295
2017,07,15.425,47.075,0.416,0.49314012936201734
2017,07,15.425,48,0.429,0.49518098126261295
2017,07,15.425,48.025000000000006,0.429,0.49518098126261295
2017,07,15.45,46.95,0.437,0.4962633144584408
2017,07,15.45,46.975,0.412,0.4924413655436538
2017,07,15.45,47.025000000000006,0.408,0.49170903772228736
2017,07,15.45,47.05,0.403,0.4907461989988632
2017,07,15.45,47.075,0.416,0.49314012936201734
2017,07,15.475,46.95,0.437,0.4962633144584408
2017,07,15.475,47.1,0.416,0.49314012936201734
2017,07,15.525,46.6,0.446,0.4973241712719495
2017,07,15.575000000000001,47.05,0.468,0.4992246240173107
2017,07,15.6,48.2,0.445,0.49721446300587663
2017,07,15.625,46.55,0.446,0.4973241712719495
2017,07,15.625,48.2,0.445,0.49721446300587663
2017,07,15.65,46.5,0.446,0.4973241712719495
2017,07,15.65,46.525000000000006,0.446,0.4973241712719495
2017,07,15.675,46.5,0.446,0.4973241712719495
2017,07,15.675,46.525000000000006,0.446,0.4973241712719495
2017,07,15.675,47.05,0.466,0.4990922691177385
2017,07,15.675,47.075,0.466,0.4990922691177385
2017,07,15.875,46.975,0.443,0.49698893146427114
2017,07,15.925,46.1,0.426,0.494741112874975
2017,07,16.075,47.025000000000006,0.409,0.49189527438364455
2017,07,16.075,48.075,0.438,0.4963893657225167
2017,07,16.2,48.05,0.45,0.497742652128334
2017,07,16.224999999999998,48.1,0.435,0.4960050614873008
2017,07,16.275,46.9,0.434,0.4958728565770563
2017,07,16.275000000000002,46.925,0.434,0.4958728565770563
2017,07,16.275,48.3,0.46,0.49864681754589457
2017,07,16.3,48.125,0.206,0.4046328307586122
2017,07,16.325,48.275,0.46,0.49864681754589457
2017,07,16.325,48.3,0.46,0.49864681754589457
2017,07,16.375,48.275000000000006,0.191,0.3932857404911519
2017,07,16.4,48.2,0.202,0.40169311340544206
2017,07,16.400000000000002,48.2,0.202,0.40169311340544206
2017,07,16.425,48.175,0.202,0.40169311340544206
2017,07,16.525,47.65,0.443,0.49698893146427114
2017,07,16.525000000000002,47.675,0.443,0.49698893146427114
2017,07,16.55,47.675,0.443,0.49698893146427114
2017,07,16.55,47.725,0.443,0.49698893146427114
2017,07,16.575,47.65,0.443,0.49698893146427114
2017,07,16.575,47.675,0.443,0.49698893146427114
2017,07,16.575,47.7,0.443,0.49698893146427114
2017,07,16.6,47.675,0.443,0.49698893146427114
2017,07,16.625,47.65,0.443,0.49698893146427114
2017,07,16.650000000000002,47.625,0.443,0.49698893146427114
2017,07,16.674999999999997,47.6,0.443,0.49698893146427114
2017,07,16.724999999999998,47.55,0.443,0.49698893146427114
2017,07,16.725,47.55,0.443,0.49698893146427114
2017,07,16.724999999999998,47.6,0.443,0.49698893146427114
2017,07,16.725,47.6,0.443,0.49698893146427114
2017,07,16.775,47.6,0.443,0.49698893146427114
2017,07,16.775000000000002,47.6,0.443,0.49698893146427114
2017,07,16.85,47.575,0.443,0.49698893146427114
2017,07,16.875,47.55,0.443,0.49698893146427114
2017,07,16.875,47.65,0.443,0.49698893146427114
2017,07,16.875,47.675,0.443,0.49698893146427114
2017,07,16.900000000000002,47.425,0.443,0.49698893146427114
2017,07,16.900000000000002,47.475,0.443,0.49698893146427114
2017,07,16.900000000000002,47.6,0.443,0.49698893146427114
2017,07,16.924999999999997,47.4,0.443,0.49698893146427114
2017,07,16.924999999999997,47.45,0.443,0.49698893146427114
2017,07,16.95,47.425,0.443,0.49698893146427114
2017,07,18.075,46.05,0.441,0.49675523728066096
2017,07,18.075,46.075,0.441,0.49675523728066096
2017,07,18.075,46.1,0.441,0.49675523728066096
2017,07,18.075,46.125,0.441,0.49675523728066096
2017,07,18.1,46.075,0.441,0.49675523728066096
2017,07,18.1,46.125,0.441,0.49675523728066096
2017,07,18.125,45.95,0.441,0.49675523728066096
2017,07,18.125,46.05,0.441,0.49675523728066096
2017,07,18.125,46.1,0.441,0.49675523728066096
2017,07,18.125,46.125,0.441,0.49675523728066096
2017,07,18.15,45.925,0.441,0.49675523728066096
2017,07,18.15,46.025000000000006,0.441,0.49675523728066096
2017,07,18.15,46.05,0.441,0.49675523728066096
2017,07,18.15,46.125,0.441,0.49675523728066096
2017,07,18.174999999999997,46,0.441,0.49675523728066096
2017,07,18.175,46,0.441,0.49675523728066096
2017,07,18.174999999999997,46.05,0.441,0.49675523728066096
2017,07,18.175,46.05,0.441,0.49675523728066096
2017,07,18.175,46.075,0.441,0.49675523728066096
2017,07,18.174999999999997,46.1,0.441,0.49675523728066096
2017,07,18.2,46,0.441,0.49675523728066096
2017,07,18.2,46.025000000000006,0.441,0.49675523728066096
2017,07,18.2,46.05,0.441,0.49675523728066096
2017,07,18.2,46.075,0.441,0.49675523728066096
2017,07,18.2,46.1,0.441,0.49675523728066096
2017,07,18.225,45.925,0.441,0.49675523728066096
2017,07,18.224999999999998,46,0.441,0.49675523728066096
2017,07,18.225,46,0.441,0.49675523728066096
2017,07,18.225,46.025000000000006,0.441,0.49675523728066096
2017,07,18.224999999999998,46.05,0.441,0.49675523728066096
2017,07,18.225,46.05,0.441,0.49675523728066096
2017,07,18.225,46.075,0.441,0.49675523728066096
2017,07,18.224999999999998,46.1,0.441,0.49675523728066096
2017,07,18.25,45.975,0.441,0.49675523728066096
2017,07,18.25,46.05,0.441,0.49675523728066096
2017,07,18.25,46.075,0.441,0.49675523728066096
2017,07,18.25,46.1,0.441,0.49675523728066096
2017,07,18.275,45.95,0.441,0.49675523728066096
2017,07,18.275,46,0.441,0.49675523728066096
2017,07,18.275,46.025000000000006,0.441,0.49675523728066096
2017,07,18.275,46.05,0.441,0.49675523728066096
2017,07,18.275,46.1,0.441,0.49675523728066096
2017,07,18.3,46.125,0.441,0.49675523728066096
2017,07,18.325,46.1,0.441,0.49675523728066096
2017,07,18.325,46.125,0.441,0.49675523728066096
2017,07,18.325,47.55,0.441,0.49675523728066096
2017,07,18.325,47.575,0.441,0.49675523728066096
2017,07,18.35,46,0.441,0.49675523728066096
2017,07,18.35,47.5,0.441,0.49675523728066096
2017,07,18.35,47.575,0.441,0.49675523728066096
2017,07,18.35,47.6,0.441,0.49675523728066096
2017,07,18.375,46,0.441,0.49675523728066096
2017,07,18.375,47.5,0.441,0.49675523728066096
2017,07,18.375,47.55,0.441,0.49675523728066096
2017,07,18.375,47.575,0.441,0.49675523728066096
2017,07,18.375,47.6,0.441,0.49675523728066096
2017,07,18.4,47.525000000000006,0.441,0.49675523728066096
2017,07,18.4,47.55,0.441,0.49675523728066096
2017,07,18.4,47.575,0.441,0.49675523728066096
2017,07,18.424999999999997,47.5,0.441,0.49675523728066096
2017,07,18.425,47.525000000000006,0.441,0.49675523728066096
2017,07,18.424999999999997,47.55,0.441,0.49675523728066096
2017,07,18.45,47.525000000000006,0.441,0.49675523728066096
2017,07,18.474999999999998,47.5,0.441,0.49675523728066096
2017,07,18.474999999999998,47.7,0.452,0.4979396991041626
2017,07,18.475,47.725,0.452,0.4979396991041626
2017,07,18.5,47.625,0.441,0.49675523728066096
2017,07,18.5,47.650000000000006,0.441,0.49675523728066096
2017,07,18.5,47.675,0.452,0.4979396991041626
2017,07,18.525,47.6,0.441,0.49675523728066096
2017,07,18.525,47.65,0.452,0.4979396991041626
2017,07,18.575,47.65,0.446,0.4973241712719495
2017,07,18.575,47.650000000000006,0.446,0.4973241712719495
2017,07,18.6,47.575,0.441,0.49675523728066096
2017,07,18.6,47.650000000000006,0.446,0.4973241712719495
2017,07,18.625,47.575,0.441,0.49675523728066096
2017,07,18.625,47.65,0.446,0.4973241712719495
2017,07,18.65,47.575,0.441,0.49675523728066096
2017,07,18.65,47.7,0.446,0.4973241712719495
2017,07,18.65,47.725,0.452,0.4979396991041626
2017,07,18.674999999999997,47.55,0.426,0.494741112874975
2017,07,18.674999999999997,47.7,0.446,0.4973241712719495
2017,07,18.7,47.525000000000006,0.426,0.494741112874975
2017,07,18.7,47.725,0.452,0.4979396991041626
2017,07,18.7,47.775000000000006,0.452,0.4979396991041626
2017,07,18.725,47.475,0.443,0.49698893146427114
2017,07,18.724999999999998,47.5,0.426,0.494741112874975
2017,07,18.724999999999998,47.55,0.426,0.494741112874975
2017,07,18.725,47.55,0.426,0.494741112874975
2017,07,18.724999999999998,47.65,0.446,0.4973241712719495
2017,07,18.725,47.675,0.446,0.4973241712719495
2017,07,18.724999999999998,47.7,0.446,0.4973241712719495
2017,07,18.725,47.7,0.446,0.4973241712719495
2017,07,18.724999999999998,47.7,0.446,0.4973241712719495
2017,07,18.725,47.7,0.446,0.4973241712719495
2017,07,18.725,47.725,0.452,0.4979396991041626
2017,07,18.724999999999998,47.75,0.452,0.4979396991041626
2017,07,18.725,47.75,0.452,0.4979396991041626
2017,07,18.725,47.775000000000006,0.452,0.4979396991041626
2017,07,18.75,47.475,0.443,0.49698893146427114
2017,07,18.75,47.7,0.446,0.4973241712719495
2017,07,18.75,47.75,0.452,0.4979396991041626
2017,07,18.75,47.8,0.452,0.4979396991041626
2017,07,18.775,46.05,0.442,0.49687310541312546
2017,07,18.775,47.45,0.443,0.49698893146427114
2017,07,18.775,47.5,0.426,0.494741112874975
2017,07,18.775,47.525000000000006,0.426,0.494741112874975
2017,07,18.775,47.6,0.426,0.494741112874975
2017,07,18.775,47.65,0.426,0.494741112874975
2017,07,18.775,47.650000000000006,0.426,0.494741112874975
2017,07,18.775,47.7,0.446,0.4973241712719495
2017,07,18.775,47.75,0.452,0.4979396991041626
2017,07,18.775,47.8,0.452,0.4979396991041626
2017,07,18.8,47.400000000000006,0.443,0.49698893146427114
2017,07,18.8,47.425,0.443,0.49698893146427114
2017,07,18.8,47.45,0.443,0.49698893146427114
2017,07,18.8,47.475,0.426,0.494741112874975
2017,07,18.8,47.5,0.426,0.494741112874975
2017,07,18.8,47.525000000000006,0.426,0.494741112874975
2017,07,18.8,47.55,0.426,0.494741112874975
2017,07,18.8,47.625,0.426,0.494741112874975
2017,07,18.8,47.8,0.452,0.4979396991041626
2017,07,18.825,46.15,0.442,0.49687310541312546
2017,07,18.825,46.2,0.442,0.49687310541312546
2017,07,18.825,47.35,0.443,0.49698893146427114
2017,07,18.825,47.375,0.443,0.49698893146427114
2017,07,18.825,47.4,0.443,0.49698893146427114
2017,07,18.825,47.400000000000006,0.443,0.49698893146427114
2017,07,18.825,47.45,0.443,0.49698893146427114
2017,07,18.825,47.5,0.426,0.494741112874975
2017,07,18.825,47.55,0.426,0.494741112874975
2017,07,18.825,47.6,0.426,0.494741112874975
2017,07,18.825,47.625,0.426,0.494741112874975
2017,07,18.825,47.8,0.452,0.4979396991041626
2017,07,18.85,45.95,0.442,0.49687310541312546
2017,07,18.85,47.275000000000006,0.443,0.49698893146427114
2017,07,18.85,47.35,0.443,0.49698893146427114
2017,07,18.85,47.375,0.443,0.49698893146427114
2017,07,18.85,47.400000000000006,0.443,0.49698893146427114
2017,07,18.85,47.45,0.443,0.49698893146427114
2017,07,18.85,47.475,0.426,0.494741112874975
2017,07,18.85,47.5,0.426,0.494741112874975
2017,07,18.85,47.8,0.452,0.4979396991041626
2017,07,18.875,45.95,0.442,0.49687310541312546
2017,07,18.875,47.1,0.452,0.4979396991041626
2017,07,18.875,47.2,0.452,0.4979396991041626
2017,07,18.875,47.35,0.443,0.49698893146427114
2017,07,18.875,47.375,0.443,0.49698893146427114
2017,07,18.875,47.4,0.443,0.49698893146427114
2017,07,18.875,47.400000000000006,0.443,0.49698893146427114
2017,07,18.875,47.425,0.443,0.49698893146427114
2017,07,18.875,47.45,0.443,0.49698893146427114
2017,07,18.875,47.5,0.426,0.494741112874975
2017,07,18.875,47.55,0.426,0.494741112874975
2017,07,18.875,47.575,0.426,0.494741112874975
2017,07,18.875,47.6,0.426,0.494741112874975
2017,07,18.875,47.625,0.426,0.494741112874975
2017,07,18.875,47.65,0.426,0.494741112874975
2017,07,18.875,47.675,0.426,0.494741112874975
2017,07,18.875,47.75,0.452,0.4979396991041626
2017,07,18.875,47.8,0.452,0.4979396991041626
2017,07,18.9,45.95,0.442,0.49687310541312546
2017,07,18.9,45.975,0.442,0.49687310541312546
2017,07,18.9,46.2,0.442,0.49687310541312546
2017,07,18.9,46.25,0.442,0.49687310541312546
2017,07,18.9,47.225,0.452,0.4979396991041626
2017,07,18.9,47.3,0.443,0.49698893146427114
2017,07,18.9,47.35,0.443,0.49698893146427114
2017,07,18.9,47.375,0.443,0.49698893146427114
2017,07,18.9,47.400000000000006,0.443,0.49698893146427114
2017,07,18.9,47.425,0.443,0.49698893146427114
2017,07,18.9,47.45,0.443,0.49698893146427114
2017,07,18.9,47.475,0.426,0.494741112874975
2017,07,18.9,47.5,0.426,0.494741112874975
2017,07,18.9,47.525000000000006,0.426,0.494741112874975
2017,07,18.9,47.575,0.426,0.494741112874975
2017,07,18.9,47.6,0.426,0.494741112874975
2017,07,18.9,47.650000000000006,0.426,0.494741112874975
2017,07,18.9,47.675,0.426,0.494741112874975
2017,07,18.924999999999997,45.95,0.442,0.49687310541312546
2017,07,18.924999999999997,46.15,0.442,0.49687310541312546
2017,07,18.925,46.150000000000006,0.442,0.49687310541312546
2017,07,18.925,46.175,0.442,0.49687310541312546
2017,07,18.924999999999997,46.2,0.442,0.49687310541312546
2017,07,18.924999999999997,46.25,0.442,0.49687310541312546
2017,07,18.924999999999997,46.3,0.442,0.49687310541312546
2017,07,18.925,46.3,0.442,0.49687310541312546
2017,07,18.924999999999997,47.05,0.452,0.4979396991041626
2017,07,18.924999999999997,47.15,0.452,0.4979396991041626
2017,07,18.925,47.150000000000006,0.452,0.4979396991041626
2017,07,18.924999999999997,47.2,0.452,0.4979396991041626
2017,07,18.925,47.225,0.452,0.4979396991041626
2017,07,18.924999999999997,47.3,0.452,0.4979396991041626
2017,07,18.925,47.3,0.452,0.4979396991041626
2017,07,18.924999999999997,47.35,0.443,0.49698893146427114
2017,07,18.925,47.35,0.443,0.49698893146427114
2017,07,18.925,47.375,0.443,0.49698893146427114
2017,07,18.925,47.375,0.036,0.18638331132035063
2017,07,18.924999999999997,47.4,0.443,0.49698893146427114
2017,07,18.925,47.400000000000006,0.443,0.49698893146427114
2017,07,18.925,47.425,0.443,0.49698893146427114
2017,07,18.924999999999997,47.45,0.443,0.49698893146427114
2017,07,18.925,47.45,0.443,0.49698893146427114
2017,07,18.925,47.475,0.443,0.49698893146427114
2017,07,18.924999999999997,47.5,0.426,0.494741112874975
2017,07,18.924999999999997,47.5,0.036,0.18638331132035063
2017,07,18.925,47.5,0.426,0.494741112874975
2017,07,18.925,47.5,0.036,0.18638331132035063
2017,07,18.925,47.525000000000006,0.036,0.18638331132035063
2017,07,18.924999999999997,47.55,0.036,0.18638331132035063
2017,07,18.925,47.55,0.036,0.18638331132035063
2017,07,18.925,47.575,0.426,0.494741112874975
2017,07,18.924999999999997,47.6,0.426,0.494741112874975
2017,07,18.925,47.6,0.426,0.494741112874975
2017,07,18.95,46.150000000000006,0.442,0.49687310541312546
2017,07,18.95,46.175,0.442,0.49687310541312546
2017,07,18.95,46.2,0.442,0.49687310541312546
2017,07,18.95,47.05,0.452,0.4979396991041626
2017,07,18.95,47.1,0.452,0.4979396991041626
2017,07,18.95,47.125,0.452,0.4979396991041626
2017,07,18.95,47.150000000000006,0.452,0.4979396991041626
2017,07,18.95,47.2,0.452,0.4979396991041626
2017,07,18.95,47.225,0.452,0.4979396991041626
2017,07,18.95,47.3,0.452,0.4979396991041626
2017,07,18.95,47.325,0.452,0.4979396991041626
2017,07,18.95,47.35,0.452,0.4979396991041626
2017,07,18.95,47.375,0.036,0.18638331132035063
2017,07,18.95,47.400000000000006,0.036,0.18638331132035063
2017,07,18.95,47.425,0.036,0.18638331132035063
2017,07,18.95,47.45,0.443,0.49698893146427114
2017,07,18.95,47.475,0.036,0.18638331132035063
2017,07,18.95,47.5,0.036,0.18638331132035063
2017,07,18.95,47.525000000000006,0.036,0.18638331132035063
2017,07,18.95,47.55,0.036,0.18638331132035063
2017,07,18.95,47.575,0.426,0.494741112874975
2017,07,18.974999999999998,46.15,0.442,0.49687310541312546
2017,07,18.975,46.175,0.442,0.49687310541312546
2017,07,18.974999999999998,46.2,0.442,0.49687310541312546
2017,07,18.974999999999998,46.25,0.442,0.49687310541312546
2017,07,18.975,46.275000000000006,0.442,0.49687310541312546
2017,07,18.974999999999998,46.3,0.442,0.49687310541312546
2017,07,18.974999999999998,46.35,0.442,0.49687310541312546
2017,07,18.974999999999998,47.05,0.452,0.4979396991041626
2017,07,18.975,47.075,0.452,0.4979396991041626
2017,07,18.974999999999998,47.1,0.452,0.4979396991041626
2017,07,18.975,47.1,0.452,0.4979396991041626
2017,07,18.975,47.125,0.452,0.4979396991041626
2017,07,18.974999999999998,47.15,0.452,0.4979396991041626
2017,07,18.975,47.175,0.452,0.4979396991041626
2017,07,18.974999999999998,47.2,0.452,0.4979396991041626
2017,07,18.974999999999998,47.25,0.452,0.4979396991041626
2017,07,18.975,47.25,0.452,0.4979396991041626
2017,07,18.974999999999998,47.3,0.452,0.4979396991041626
2017,07,18.975,47.3,0.452,0.4979396991041626
2017,07,18.975,47.325,0.452,0.4979396991041626
2017,07,18.974999999999998,47.35,0.452,0.4979396991041626
2017,07,18.975,47.35,0.452,0.4979396991041626
2017,07,18.974999999999998,47.4,0.036,0.18638331132035063
2017,07,18.975,47.400000000000006,0.036,0.18638331132035063
2017,07,18.975,47.425,0.036,0.18638331132035063
2017,07,18.974999999999998,47.45,0.036,0.18638331132035063
2017,07,18.975,47.45,0.036,0.18638331132035063
2017,07,18.975,47.475,0.036,0.18638331132035063
2017,07,18.974999999999998,47.5,0.036,0.18638331132035063
2017,07,18.975,47.5,0.036,0.18638331132035063
2017,07,18.975,47.525000000000006,0.036,0.18638331132035063
2017,07,18.974999999999998,47.55,0.036,0.18638331132035063
2017,07,18.975,47.575,0.036,0.18638331132035063
2017,07,18.974999999999998,47.6,0.426,0.494741112874975
2017,07,18.975,47.6,0.426,0.494741112874975
2017,07,19,47.1,0.452,0.4979396991041626
2017,07,19,47.175,0.452,0.4979396991041626
2017,07,19,47.2,0.452,0.4979396991041626
2017,07,19,47.3,0.452,0.4979396991041626
2017,07,19,47.325,0.452,0.4979396991041626
2017,07,19,47.35,0.452,0.4979396991041626
2017,07,19,47.375,0.452,0.4979396991041626
2017,07,19,47.400000000000006,0.036,0.18638331132035063
2017,07,19,47.425,0.036,0.18638331132035063
2017,07,19,47.45,0.036,0.18638331132035063
2017,07,19,47.475,0.036,0.18638331132035063
2017,07,19,47.5,0.036,0.18638331132035063
2017,07,19,47.525,0.036,0.18638331132035063
2017,07,19,47.525000000000006,0.036,0.18638331132035063
2017,07,19,47.55,0.036,0.18638331132035063
2017,07,19,47.575,0.036,0.18638331132035063
2017,07,19,47.6,0.426,0.494741112874975
2017,07,19.025,47.1,0.452,0.4979396991041626
2017,07,19.025,47.15,0.452,0.4979396991041626
2017,07,19.025,47.2,0.452,0.4979396991041626
2017,07,19.025,47.25,0.452,0.4979396991041626
2017,07,19.025,47.275000000000006,0.452,0.4979396991041626
2017,07,19.025,47.3,0.452,0.4979396991041626
2017,07,19.025,47.325,0.452,0.4979396991041626
2017,07,19.025,47.35,0.452,0.4979396991041626
2017,07,19.025,47.375,0.452,0.4979396991041626
2017,07,19.025,47.4,0.036,0.18638331132035063
2017,07,19.025,47.400000000000006,0.036,0.18638331132035063
2017,07,19.025,47.425,0.036,0.18638331132035063
2017,07,19.025,47.45,0.036,0.18638331132035063
2017,07,19.025,47.475,0.036,0.18638331132035063
2017,07,19.025,47.5,0.036,0.18638331132035063
2017,07,19.025,47.525,0.036,0.18638331132035063
2017,07,19.025,47.525000000000006,0.036,0.18638331132035063
2017,07,19.025,47.55,0.036,0.18638331132035063
2017,07,19.025,47.575,0.036,0.18638331132035063
2017,07,19.025,47.6,0.036,0.18638331132035063
2017,07,19.025,47.9,0.433,0.4957385972029581
2017,07,19.025,47.925,0.433,0.4957385972029581
2017,07,19.05,46.325,0.442,0.49687310541312546
2017,07,19.05,47.25,0.452,0.4979396991041626
2017,07,19.05,47.275000000000006,0.452,0.4979396991041626
2017,07,19.05,47.325,0.452,0.4979396991041626
2017,07,19.05,47.35,0.452,0.4979396991041626
2017,07,19.05,47.375,0.452,0.4979396991041626
2017,07,19.05,47.400000000000006,0.036,0.18638331132035063
2017,07,19.05,47.425,0.036,0.18638331132035063
2017,07,19.05,47.45,0.036,0.18638331132035063
2017,07,19.05,47.475,0.036,0.18638331132035063
2017,07,19.05,47.5,0.036,0.18638331132035063
2017,07,19.05,47.525,0.036,0.18638331132035063
2017,07,19.05,47.525000000000006,0.036,0.18638331132035063
2017,07,19.05,47.525,0.036,0.18638331132035063
2017,07,19.05,47.525000000000006,0.036,0.18638331132035063
2017,07,19.05,47.55,0.036,0.18638331132035063
2017,07,19.05,47.575,0.036,0.18638331132035063
2017,07,19.075,46.3,0.442,0.49687310541312546
2017,07,19.075,47.1,0.452,0.4979396991041626
2017,07,19.075,47.25,0.426,0.494741112874975
2017,07,19.075,47.275000000000006,0.452,0.4979396991041626
2017,07,19.075,47.3,0.452,0.4979396991041626
2017,07,19.075,47.325,0.452,0.4979396991041626
2017,07,19.075,47.35,0.452,0.4979396991041626
2017,07,19.075,47.375,0.036,0.18638331132035063
2017,07,19.075,47.4,0.036,0.18638331132035063
2017,07,19.075,47.400000000000006,0.036,0.18638331132035063
2017,07,19.075,47.425,0.036,0.18638331132035063
2017,07,19.075,47.45,0.036,0.18638331132035063
2017,07,19.075,47.475,0.036,0.18638331132035063
2017,07,19.075,47.5,0.036,0.18638331132035063
2017,07,19.075,47.525,0.036,0.18638331132035063
2017,07,19.075,47.525000000000006,0.036,0.18638331132035063
2017,07,19.075,47.55,0.036,0.18638331132035063
2017,07,19.075,47.575,0.036,0.18638331132035063
2017,07,19.075,48,0.433,0.4957385972029581
2017,07,19.1,47.150000000000006,0.452,0.4979396991041626
2017,07,19.1,47.325,0.452,0.4979396991041626
2017,07,19.1,47.35,0.452,0.4979396991041626
2017,07,19.1,47.375,0.036,0.18638331132035063
2017,07,19.1,47.400000000000006,0.036,0.18638331132035063
2017,07,19.1,47.425,0.036,0.18638331132035063
2017,07,19.1,47.45,0.036,0.18638331132035063
2017,07,19.1,47.475,0.036,0.18638331132035063
2017,07,19.1,47.5,0.036,0.18638331132035063
2017,07,19.1,47.525,0.036,0.18638331132035063
2017,07,19.1,47.525000000000006,0.036,0.18638331132035063
2017,07,19.1,47.55,0.036,0.18638331132035063
2017,07,19.1,47.575,0.036,0.18638331132035063
2017,07,19.1,47.6,0.036,0.18638331132035063
2017,07,19.1,47.85,0.433,0.4957385972029581
2017,07,19.1,47.900000000000006,0.433,0.4957385972029581
2017,07,19.1,47.975,0.433,0.4957385972029581
2017,07,19.125,46.15,0.442,0.49687310541312546
2017,07,19.125,46.175,0.442,0.49687310541312546
2017,07,19.125,47.15,0.452,0.4979396991041626
2017,07,19.125,47.2,0.426,0.494741112874975
2017,07,19.125,47.225,0.426,0.494741112874975
2017,07,19.125,47.3,0.426,0.494741112874975
2017,07,19.125,47.325,0.426,0.494741112874975
2017,07,19.125,47.35,0.036,0.18638331132035063
2017,07,19.125,47.375,0.036,0.18638331132035063
2017,07,19.125,47.4,0.036,0.18638331132035063
2017,07,19.125,47.400000000000006,0.036,0.18638331132035063
2017,07,19.125,47.425,0.036,0.18638331132035063
2017,07,19.125,47.45,0.036,0.18638331132035063
2017,07,19.125,47.475,0.036,0.18638331132035063
2017,07,19.125,47.5,0.036,0.18638331132035063
2017,07,19.125,47.525,0.036,0.18638331132035063
2017,07,19.125,47.525000000000006,0.036,0.18638331132035063
2017,07,19.125,47.55,0.036,0.18638331132035063
2017,07,19.125,47.575,0.036,0.18638331132035063
2017,07,19.125,47.85,0.433,0.4957385972029581
2017,07,19.125,47.9,0.433,0.4957385972029581
2017,07,19.125,47.925,0.433,0.4957385972029581
2017,07,19.125,47.95,0.433,0.4957385972029581
2017,07,19.15,46.1,0.442,0.49687310541312546
2017,07,19.15,47.150000000000006,0.426,0.494741112874975
2017,07,19.15,47.2,0.426,0.494741112874975
2017,07,19.15,47.225,0.426,0.494741112874975
2017,07,19.15,47.35,0.036,0.18638331132035063
2017,07,19.15,47.375,0.036,0.18638331132035063
2017,07,19.15,47.400000000000006,0.036,0.18638331132035063
2017,07,19.15,47.425,0.036,0.18638331132035063
2017,07,19.15,47.45,0.036,0.18638331132035063
2017,07,19.15,47.475,0.036,0.18638331132035063
2017,07,19.15,47.5,0.036,0.18638331132035063
2017,07,19.15,47.525000000000006,0.036,0.18638331132035063
2017,07,19.15,47.900000000000006,0.433,0.4957385972029581
2017,07,19.174999999999997,46.1,0.442,0.49687310541312546
2017,07,19.174999999999997,46.15,0.442,0.49687310541312546
2017,07,19.175,46.175,0.442,0.49687310541312546
2017,07,19.174999999999997,46.2,0.442,0.49687310541312546
2017,07,19.175,46.2,0.442,0.49687310541312546
2017,07,19.174999999999997,47.15,0.426,0.494741112874975
2017,07,19.174999999999997,47.2,0.426,0.494741112874975
2017,07,19.174999999999997,47.35,0.426,0.494741112874975
2017,07,19.175,47.35,0.426,0.494741112874975
2017,07,19.175,47.375,0.036,0.18638331132035063
2017,07,19.174999999999997,47.4,0.036,0.18638331132035063
2017,07,19.175,47.400000000000006,0.036,0.18638331132035063
2017,07,19.175,47.425,0.036,0.18638331132035063
2017,07,19.174999999999997,47.45,0.036,0.18638331132035063
2017,07,19.175,47.45,0.036,0.18638331132035063
2017,07,19.175,47.475,0.036,0.18638331132035063
2017,07,19.174999999999997,47.5,0.036,0.18638331132035063
2017,07,19.175,47.5,0.036,0.18638331132035063
2017,07,19.175,47.525000000000006,0.036,0.18638331132035063
2017,07,19.174999999999997,47.55,0.45,0.497742652128334
2017,07,19.174999999999997,47.65,0.417,0.4933095928059319
2017,07,19.174999999999997,47.9,0.433,0.4957385972029581
2017,07,19.175,47.925,0.433,0.4957385972029581
2017,07,19.200000000000003,46.175,0.442,0.49687310541312546
2017,07,19.200000000000003,47.35,0.426,0.494741112874975
2017,07,19.200000000000003,47.375,0.426,0.494741112874975
2017,07,19.200000000000003,47.400000000000006,0.036,0.18638331132035063
2017,07,19.200000000000003,47.425,0.036,0.18638331132035063
2017,07,19.200000000000003,47.45,0.036,0.18638331132035063
2017,07,19.200000000000003,47.475,0.036,0.18638331132035063
2017,07,19.200000000000003,47.5,0.036,0.18638331132035063
2017,07,19.200000000000003,47.525000000000006,0.036,0.18638331132035063
2017,07,19.200000000000003,47.55,0.45,0.497742652128334
2017,07,19.200000000000003,47.6,0.45,0.497742652128334
2017,07,19.224999999999998,47.3,0.426,0.494741112874975
2017,07,19.225,47.325,0.426,0.494741112874975
2017,07,19.224999999999998,47.35,0.426,0.494741112874975
2017,07,19.225,47.35,0.426,0.494741112874975
2017,07,19.224999999999998,47.4,0.426,0.494741112874975
2017,07,19.225,47.400000000000006,0.426,0.494741112874975
2017,07,19.225,47.425,0.036,0.18638331132035063
2017,07,19.224999999999998,47.45,0.036,0.18638331132035063
2017,07,19.225,47.45,0.036,0.18638331132035063
2017,07,19.225,47.475,0.036,0.18638331132035063
2017,07,19.224999999999998,47.5,0.036,0.18638331132035063
2017,07,19.225,47.5,0.036,0.18638331132035063
2017,07,19.225,47.525000000000006,0.036,0.18638331132035063
2017,07,19.224999999999998,47.55,0.45,0.497742652128334
2017,07,19.225,47.575,0.45,0.497742652128334
2017,07,19.224999999999998,47.6,0.45,0.497742652128334
2017,07,19.225,47.6,0.45,0.497742652128334
2017,07,19.225,47.625,0.45,0.497742652128334
2017,07,19.224999999999998,47.65,0.417,0.4933095928059319
2017,07,19.225,47.675,0.417,0.4933095928059319
2017,07,19.224999999999998,47.7,0.417,0.4933095928059319
2017,07,19.225,47.7,0.417,0.4933095928059319
2017,07,19.25,47.375,0.426,0.494741112874975
2017,07,19.25,47.400000000000006,0.426,0.494741112874975
2017,07,19.25,47.425,0.036,0.18638331132035063
2017,07,19.25,47.45,0.036,0.18638331132035063
2017,07,19.25,47.475,0.036,0.18638331132035063
2017,07,19.25,47.5,0.036,0.18638331132035063
2017,07,19.25,47.525000000000006,0.45,0.497742652128334
2017,07,19.25,47.55,0.45,0.497742652128334
2017,07,19.25,47.575,0.45,0.497742652128334
2017,07,19.25,47.6,0.45,0.497742652128334
2017,07,19.25,47.650000000000006,0.417,0.4933095928059319
2017,07,19.25,47.675,0.417,0.4933095928059319
2017,07,19.25,47.900000000000006,0.433,0.4957385972029581
2017,07,19.275,47.25,0.426,0.494741112874975
2017,07,19.275,47.275000000000006,0.426,0.494741112874975
2017,07,19.275,47.35,0.426,0.494741112874975
2017,07,19.275,47.375,0.426,0.494741112874975
2017,07,19.275,47.4,0.426,0.494741112874975
2017,07,19.275,47.400000000000006,0.426,0.494741112874975
2017,07,19.275,47.45,0.036,0.18638331132035063
2017,07,19.275,47.475,0.036,0.18638331132035063
2017,07,19.275,47.5,0.45,0.497742652128334
2017,07,19.275,47.525000000000006,0.45,0.497742652128334
2017,07,19.275,47.55,0.45,0.497742652128334
2017,07,19.275,47.6,0.45,0.497742652128334
2017,07,19.275,47.625,0.45,0.497742652128334
2017,07,19.275,47.65,0.417,0.4933095928059319
2017,07,19.275,47.650000000000006,0.417,0.4933095928059319
2017,07,19.275,47.675,0.417,0.4933095928059319
2017,07,19.275,47.9,0.433,0.4957385972029581
2017,07,19.3,47.275000000000006,0.426,0.494741112874975
2017,07,19.3,47.325,0.426,0.494741112874975
2017,07,19.3,47.400000000000006,0.426,0.494741112874975
2017,07,19.3,47.425,0.449,0.4976410821532389
2017,07,19.3,47.45,0.036,0.18638331132035063
2017,07,19.3,47.475,0.036,0.18638331132035063
2017,07,19.3,47.5,0.036,0.18638331132035063
2017,07,19.3,47.525000000000006,0.45,0.497742652128334
2017,07,19.3,47.625,0.45,0.497742652128334
2017,07,19.3,47.650000000000006,0.417,0.4933095928059319
2017,07,19.325,47.3,0.449,0.4976410821532389
2017,07,19.325,47.35,0.426,0.494741112874975
2017,07,19.325000000000003,47.375,0.426,0.494741112874975
2017,07,19.325,47.4,0.426,0.494741112874975
2017,07,19.325,47.4,0.449,0.4976410821532389
2017,07,19.325000000000003,47.425,0.449,0.4976410821532389
2017,07,19.325,47.45,0.45,0.497742652128334
2017,07,19.325000000000003,47.45,0.45,0.497742652128334
2017,07,19.325000000000003,47.475,0.45,0.497742652128334
2017,07,19.325,47.5,0.45,0.497742652128334
2017,07,19.325000000000003,47.5,0.45,0.497742652128334
2017,07,19.325,47.55,0.45,0.497742652128334
2017,07,19.325000000000003,47.55,0.45,0.497742652128334
2017,07,19.325000000000003,47.575,0.45,0.497742652128334
2017,07,19.325,47.6,0.45,0.497742652128334
2017,07,19.325000000000003,47.6,0.45,0.497742652128334
2017,07,19.325000000000003,47.625,0.45,0.497742652128334
2017,07,19.325,47.65,0.417,0.4933095928059319
2017,07,19.35,47.325,0.449,0.4976410821532389
2017,07,19.35,47.375,0.426,0.494741112874975
2017,07,19.35,47.45,0.45,0.497742652128334
2017,07,19.35,47.575,0.45,0.497742652128334
2017,07,19.35,47.6,0.45,0.497742652128334
2017,07,19.35,47.825,0.433,0.4957385972029581
2017,07,19.375,47.3,0.449,0.4976410821532389
2017,07,19.375,47.35,0.426,0.494741112874975
2017,07,19.375,47.4,0.449,0.4976410821532389
2017,07,19.375,47.400000000000006,0.449,0.4976410821532389
2017,07,19.375,47.425,0.449,0.4976410821532389
2017,07,19.375,47.45,0.45,0.497742652128334
2017,07,19.375,47.5,0.45,0.497742652128334
2017,07,19.375,47.525000000000006,0.45,0.497742652128334
2017,07,19.375,47.55,0.45,0.497742652128334
2017,07,19.375,47.575,0.45,0.497742652128334
2017,07,19.375,47.6,0.45,0.497742652128334
2017,07,19.4,47.35,0.449,0.4976410821532389
2017,07,19.4,47.400000000000006,0.449,0.4976410821532389
2017,07,19.4,47.425,0.449,0.4976410821532389
2017,07,19.4,47.525000000000006,0.45,0.497742652128334
2017,07,19.4,47.675,0.417,0.4933095928059319
2017,07,19.424999999999997,47.25,0.449,0.4976410821532389
2017,07,19.425,47.275000000000006,0.449,0.4976410821532389
2017,07,19.424999999999997,47.3,0.449,0.4976410821532389
2017,07,19.425,47.325,0.449,0.4976410821532389
2017,07,19.424999999999997,47.35,0.449,0.4976410821532389
2017,07,19.425,47.35,0.449,0.4976410821532389
2017,07,19.424999999999997,47.4,0.449,0.4976410821532389
2017,07,19.424999999999997,47.5,0.45,0.497742652128334
2017,07,19.424999999999997,47.55,0.45,0.497742652128334
2017,07,19.425,47.55,0.45,0.497742652128334
2017,07,19.450000000000003,47.225,0.449,0.4976410821532389
2017,07,19.450000000000003,47.325,0.449,0.4976410821532389
2017,07,19.450000000000003,47.425,0.449,0.4976410821532389
2017,07,19.450000000000003,47.55,0.45,0.497742652128334
2017,07,19.474999999999998,47.25,0.449,0.4976410821532389
2017,07,19.475,47.25,0.449,0.4976410821532389
2017,07,19.474999999999998,47.3,0.449,0.4976410821532389
2017,07,19.474999999999998,47.4,0.449,0.4976410821532389
2017,07,19.474999999999998,47.55,0.45,0.497742652128334
2017,07,19.5,47.275000000000006,0.449,0.4976410821532389
2017,07,19.5,47.3,0.449,0.4976410821532389
2017,07,19.5,47.35,0.449,0.4976410821532389
2017,07,19.5,47.375,0.449,0.4976410821532389
2017,07,19.5,47.45,0.449,0.4976410821532389
2017,07,19.525,47.25,0.449,0.4976410821532389
2017,07,19.525,47.275000000000006,0.449,0.4976410821532389
2017,07,19.525,47.3,0.449,0.4976410821532389
2017,07,19.525,47.35,0.449,0.4976410821532389
2017,07,19.525,47.4,0.449,0.4976410821532389
2017,07,19.525,47.400000000000006,0.449,0.4976410821532389
2017,07,19.525,47.45,0.449,0.4976410821532389
2017,07,19.55,47.25,0.449,0.4976410821532389
2017,07,19.55,47.275000000000006,0.449,0.4976410821532389
2017,07,19.55,47.3,0.449,0.4976410821532389
2017,07,19.55,47.475,0.467,0.49915945364198017
2017,07,19.575,45.25,0.441,0.49675523728066096
2017,07,19.575,47.25,0.449,0.4976410821532389
2017,07,19.575000000000003,47.275000000000006,0.449,0.4976410821532389
2017,07,19.575,47.3,0.449,0.4976410821532389
2017,07,19.575,47.45,0.467,0.49915945364198017
2017,07,19.575000000000003,47.475,0.467,0.49915945364198017
2017,07,19.6,45.2,0.441,0.49675523728066096
2017,07,19.6,45.225,0.441,0.49675523728066096
2017,07,19.6,47.225,0.421,0.49396660110072527
2017,07,19.6,47.25,0.421,0.49396660110072527
2017,07,19.6,47.45,0.467,0.49915945364198017
2017,07,19.625,45.2,0.441,0.49675523728066096
2017,07,19.625,45.225,0.441,0.49675523728066096
2017,07,19.625,47.2,0.421,0.49396660110072527
2017,07,19.625,47.225,0.421,0.49396660110072527
2017,07,19.625,47.25,0.421,0.49396660110072527
2017,07,19.625,47.4,0.467,0.49915945364198017
2017,07,19.625,47.400000000000006,0.467,0.49915945364198017
2017,07,19.625,47.45,0.467,0.49915945364198017
2017,07,19.65,47.5,0.467,0.49915945364198017
2017,07,19.674999999999997,45.2,0.441,0.49675523728066096
2017,07,19.675,45.225,0.441,0.49675523728066096
2017,07,19.674999999999997,47.1,0.421,0.49396660110072527
2017,07,19.675,47.1,0.421,0.49396660110072527
2017,07,19.674999999999997,47.2,0.421,0.49396660110072527
2017,07,19.675,47.2,0.421,0.49396660110072527
2017,07,19.674999999999997,47.4,0.467,0.49915945364198017
2017,07,19.675,47.425,0.467,0.49915945364198017
2017,07,19.674999999999997,47.5,0.467,0.49915945364198017
2017,07,19.700000000000003,45.225,0.441,0.49675523728066096
2017,07,19.724999999999998,45.2,0.441,0.49675523728066096
2017,07,19.725,45.225,0.441,0.49675523728066096
2017,07,19.724999999999998,45.25,0.441,0.49675523728066096
2017,07,19.725,45.25,0.441,0.49675523728066096
2017,07,19.725,45.275000000000006,0.441,0.49675523728066096
2017,07,19.724999999999998,47.2,0.421,0.49396660110072527
2017,07,19.725,47.2,0.421,0.49396660110072527
2017,07,19.724999999999998,47.4,0.467,0.49915945364198017
2017,07,19.725,47.400000000000006,0.467,0.49915945364198017
2017,07,19.724999999999998,47.6,0.433,0.4957385972029581
2017,07,19.75,45.2,0.441,0.49675523728066096
2017,07,19.75,45.225,0.441,0.49675523728066096
2017,07,19.75,45.25,0.441,0.49675523728066096
2017,07,19.75,47.025000000000006,0.421,0.49396660110072527
2017,07,19.75,47.05,0.421,0.49396660110072527
2017,07,19.75,47.175,0.421,0.49396660110072527
2017,07,19.75,47.5,0.467,0.49915945364198017
2017,07,19.775,45.2,0.441,0.49675523728066096
2017,07,19.775,45.225,0.441,0.49675523728066096
2017,07,19.775,45.25,0.441,0.49675523728066096
2017,07,19.775,45.275000000000006,0.441,0.49675523728066096
2017,07,19.775,45.3,0.441,0.49675523728066096
2017,07,19.775,45.325,0.441,0.49675523728066096
2017,07,19.775,47,0.421,0.49396660110072527
2017,07,19.775,47.025000000000006,0.421,0.49396660110072527
2017,07,19.775,47.05,0.421,0.49396660110072527
2017,07,19.775,47.075,0.421,0.49396660110072527
2017,07,19.775,47.15,0.421,0.49396660110072527
2017,07,19.775,47.150000000000006,0.421,0.49396660110072527
2017,07,19.775,47.5,0.433,0.4957385972029581
2017,07,19.8,45.15,0.441,0.49675523728066096
2017,07,19.8,45.175,0.441,0.49675523728066096
2017,07,19.8,45.2,0.441,0.49675523728066096
2017,07,19.8,45.225,0.441,0.49675523728066096
2017,07,19.8,45.25,0.441,0.49675523728066096
2017,07,19.8,45.275,0.441,0.49675523728066096
2017,07,19.8,45.275000000000006,0.441,0.49675523728066096
2017,07,19.8,47.175,0.421,0.49396660110072527
2017,07,19.8,47.35,0.467,0.49915945364198017
2017,07,19.8,47.875,0.439,0.49651336892930237
2017,07,19.825,45.15,0.441,0.49675523728066096
2017,07,19.825,45.175,0.441,0.49675523728066096
2017,07,19.825,45.2,0.441,0.49675523728066096
2017,07,19.825000000000003,45.2,0.441,0.49675523728066096
2017,07,19.825,45.225,0.441,0.49675523728066096
2017,07,19.825000000000003,45.225,0.441,0.49675523728066096
2017,07,19.825,45.25,0.441,0.49675523728066096
2017,07,19.825000000000003,45.25,0.441,0.49675523728066096
2017,07,19.825,45.25,0.441,0.49675523728066096
2017,07,19.825000000000003,45.25,0.441,0.49675523728066096
2017,07,19.825,45.275,0.441,0.49675523728066096
2017,07,19.825000000000003,45.275000000000006,0.441,0.49675523728066096
2017,07,19.825,45.3,0.441,0.49675523728066096
2017,07,19.825000000000003,45.3,0.441,0.49675523728066096
2017,07,19.825000000000003,45.325,0.441,0.49675523728066096
2017,07,19.825,47.15,0.421,0.49396660110072527
2017,07,19.825000000000003,47.175,0.421,0.49396660110072527
2017,07,19.825,47.25,0.421,0.49396660110072527
2017,07,19.825000000000003,47.275000000000006,0.421,0.49396660110072527
2017,07,19.825,47.35,0.467,0.49915945364198017
2017,07,19.825000000000003,47.35,0.467,0.49915945364198017
2017,07,19.825,47.35,0.467,0.49915945364198017
2017,07,19.825000000000003,47.35,0.467,0.49915945364198017
2017,07,19.825,47.85,0.439,0.49651336892930237
2017,07,19.85,45.2,0.441,0.49675523728066096
2017,07,19.85,45.225,0.441,0.49675523728066096
2017,07,19.85,45.25,0.441,0.49675523728066096
2017,07,19.85,45.275,0.441,0.49675523728066096
2017,07,19.85,45.275000000000006,0.441,0.49675523728066096
2017,07,19.85,47.35,0.467,0.49915945364198017
2017,07,19.85,47.475,0.433,0.4957385972029581
2017,07,19.875,45.2,0.441,0.49675523728066096
2017,07,19.875,45.225,0.441,0.49675523728066096
2017,07,19.875,45.25,0.441,0.49675523728066096
2017,07,19.875,45.275,0.441,0.49675523728066096
2017,07,19.875,47.35,0.467,0.49915945364198017
2017,07,19.875,47.45,0.433,0.4957385972029581
2017,07,19.875,47.475,0.433,0.4957385972029581
2017,07,19.875,47.7,0.439,0.49651336892930237
2017,07,19.875,47.725,0.439,0.49651336892930237
2017,07,19.875,47.9,0.439,0.49651336892930237
2017,07,19.875,47.900000000000006,0.439,0.49651336892930237
2017,07,19.9,47.075,0.421,0.49396660110072527
2017,07,19.9,47.475,0.433,0.4957385972029581
2017,07,19.9,47.5,0.433,0.4957385972029581
2017,07,19.9,47.675,0.439,0.49651336892930237
2017,07,19.9,47.75,0.439,0.49651336892930237
2017,07,19.9,47.775000000000006,0.439,0.49651336892930237
2017,07,19.9,47.900000000000006,0.439,0.49651336892930237
2017,07,19.924999999999997,45.3,0.441,0.49675523728066096
2017,07,19.925,45.3,0.441,0.49675523728066096
2017,07,19.924999999999997,47.05,0.421,0.49396660110072527
2017,07,19.924999999999997,47.1,0.421,0.49396660110072527
2017,07,19.925,47.1,0.421,0.49396660110072527
2017,07,19.924999999999997,47.15,0.421,0.49396660110072527
2017,07,19.925,47.175,0.421,0.49396660110072527
2017,07,19.924999999999997,47.45,0.433,0.4957385972029581
2017,07,19.925,47.475,0.433,0.4957385972029581
2017,07,19.924999999999997,47.5,0.433,0.4957385972029581
2017,07,19.925,47.5,0.433,0.4957385972029581
2017,07,19.924999999999997,47.65,0.433,0.4957385972029581
2017,07,19.924999999999997,47.7,0.439,0.49651336892930237
2017,07,19.925,47.725,0.439,0.49651336892930237
2017,07,19.924999999999997,47.75,0.439,0.49651336892930237
2017,07,19.925,47.775000000000006,0.439,0.49651336892930237
2017,07,19.924999999999997,47.8,0.439,0.49651336892930237
2017,07,19.925,47.8,0.439,0.49651336892930237
2017,07,19.924999999999997,47.85,0.439,0.49651336892930237
2017,07,19.925,47.875,0.439,0.49651336892930237
2017,07,19.924999999999997,47.9,0.439,0.49651336892930237
2017,07,19.950000000000003,47.175,0.421,0.49396660110072527
2017,07,19.950000000000003,47.325,0.467,0.49915945364198017
2017,07,19.950000000000003,47.625,0.433,0.4957385972029581
2017,07,19.950000000000003,47.825,0.439,0.49651336892930237
2017,07,19.974999999999998,45.25,0.441,0.49675523728066096
2017,07,19.975,45.275000000000006,0.441,0.49675523728066096
2017,07,19.974999999999998,47.15,0.421,0.49396660110072527
2017,07,19.975,47.175,0.421,0.49396660110072527
2017,07,19.974999999999998,47.3,0.467,0.49915945364198017
2017,07,19.974999999999998,47.5,0.433,0.4957385972029581
2017,07,19.975,47.5,0.433,0.4957385972029581
2017,07,19.974999999999998,47.5,0.433,0.4957385972029581
2017,07,19.975,47.5,0.433,0.4957385972029581
2017,07,19.974999999999998,47.55,0.433,0.4957385972029581
2017,07,19.975,47.575,0.433,0.4957385972029581
2017,07,19.974999999999998,47.6,0.433,0.4957385972029581
2017,07,19.975,47.625,0.433,0.4957385972029581
2017,07,19.974999999999998,47.65,0.439,0.49651336892930237
2017,07,19.975,47.675,0.439,0.49651336892930237
2017,07,19.974999999999998,47.7,0.439,0.49651336892930237
2017,07,19.975,47.7,0.439,0.49651336892930237
2017,07,19.974999999999998,47.8,0.439,0.49651336892930237
2017,07,19.974999999999998,47.85,0.439,0.49651336892930237
2017,07,19.975,47.85,0.439,0.49651336892930237
2017,07,20,45.2,0.441,0.49675523728066096
2017,07,20,45.275000000000006,0.441,0.49675523728066096
2017,07,20,47.175,0.421,0.49396660110072527
2017,07,20,47.625,0.439,0.49651336892930237
2017,07,20,47.85,0.439,0.49651336892930237
2017,07,20.025,45.15,0.441,0.49675523728066096
2017,07,20.025,45.2,0.441,0.49675523728066096
2017,07,20.025,45.225,0.441,0.49675523728066096
2017,07,20.025,45.25,0.441,0.49675523728066096
2017,07,20.025,45.275000000000006,0.441,0.49675523728066096
2017,07,20.025,47.15,0.421,0.49396660110072527
2017,07,20.025,47.5,0.433,0.4957385972029581
2017,07,20.025,47.85,0.439,0.49651336892930237
2017,07,20.05,47.2,0.421,0.49396660110072527
2017,07,20.05,47.7,0.439,0.49651336892930237
2017,07,20.05,47.8,0.439,0.49651336892930237
2017,07,20.075,47.7,0.439,0.49651336892930237
2017,07,20.075,47.8,0.439,0.49651336892930237
2017,07,20.125,47.5,0.433,0.4957385972029581
2017,07,20.15,47.5,0.433,0.4957385972029581
2017,07,20.15,47.575,0.433,0.4957385972029581
2017,07,20.174999999999997,47.5,0.433,0.4957385972029581
2017,07,20.174999999999997,47.55,0.433,0.4957385972029581
2017,07,20.200000000000003,47.45,0.433,0.4957385972029581
2017,07,20.200000000000003,47.85,0.445,0.49721446300587663
2017,07,20.224999999999998,47.45,0.433,0.4957385972029581
2017,07,20.224999999999998,47.75,0.445,0.49721446300587663
2017,07,20.225,47.775000000000006,0.445,0.49721446300587663
2017,07,20.224999999999998,47.8,0.445,0.49721446300587663
2017,07,20.225,47.8,0.445,0.49721446300587663
2017,07,20.224999999999998,47.8,0.445,0.49721446300587663
2017,07,20.225,47.8,0.445,0.49721446300587663
2017,07,20.224999999999998,47.85,0.445,0.49721446300587663
2017,07,20.224999999999998,47.9,0.452,0.4979396991041626
2017,07,20.3,47.85,0.452,0.4979396991041626
2017,07,20.325,47.85,0.452,0.4979396991041626
2017,07,20.35,47.875,0.452,0.4979396991041626
2017,07,20.35,47.900000000000006,0.452,0.4979396991041626
2017,07,20.35,47.925,0.452,0.4979396991041626
2017,07,20.375,47.85,0.452,0.4979396991041626
2017,07,20.375,47.875,0.452,0.4979396991041626
2017,07,20.375,47.9,0.452,0.4979396991041626
2017,07,20.375,47.900000000000006,0.452,0.4979396991041626
2017,07,20.375,47.925,0.452,0.4979396991041626
2017,07,20.4,47.75,0.445,0.49721446300587663
2017,07,20.4,47.85,0.452,0.4979396991041626
2017,07,20.4,47.875,0.452,0.4979396991041626
2017,07,20.4,47.95,0.452,0.4979396991041626
2017,07,20.424999999999997,47.75,0.452,0.4979396991041626
2017,07,20.424999999999997,47.85,0.452,0.4979396991041626
2017,07,20.425,47.85,0.452,0.4979396991041626
2017,07,20.424999999999997,47.95,0.452,0.4979396991041626
2017,07,20.450000000000003,47.925,0.452,0.4979396991041626
2017,07,20.474999999999998,47.75,0.445,0.49721446300587663
2017,07,20.475,47.775000000000006,0.445,0.49721446300587663
2017,07,20.474999999999998,47.9,0.452,0.4979396991041626
2017,07,20.5,47.725,0.445,0.49721446300587663
2017,07,20.5,47.75,0.445,0.49721446300587663
2017,07,20.5,47.900000000000006,0.441,0.49675523728066096
2017,07,20.525,47.7,0.445,0.49721446300587663
2017,07,20.525,47.75,0.445,0.49721446300587663
2017,07,20.525,47.9,0.441,0.49675523728066096
2017,07,20.525,47.900000000000006,0.441,0.49675523728066096
2017,07,20.525,47.925,0.441,0.49675523728066096
2017,07,20.55,47.8,0.441,0.49675523728066096
2017,07,20.575,47.6,0.445,0.49721446300587663
2017,07,20.575000000000003,47.625,0.445,0.49721446300587663
2017,07,20.575,47.8,0.441,0.49675523728066096
2017,07,20.575000000000003,47.8,0.441,0.49675523728066096
2017,07,20.575,47.85,0.441,0.49675523728066096
2017,07,20.575000000000003,47.875,0.441,0.49675523728066096
2017,07,20.6,47.575,0.445,0.49721446300587663
2017,07,20.625,47.55,0.445,0.49721446300587663
2017,07,20.625,47.6,0.445,0.49721446300587663
2017,07,20.625,47.625,0.445,0.49721446300587663
2017,07,20.65,47.575,0.445,0.49721446300587663
2017,07,20.65,47.625,0.445,0.49721446300587663
2017,07,20.674999999999997,47.55,0.445,0.49721446300587663
2017,07,20.674999999999997,47.6,0.445,0.49721446300587663
2017,07,20.674999999999997,47.65,0.445,0.49721446300587663
2017,07,20.675,47.650000000000006,0.445,0.49721446300587663
2017,07,20.700000000000003,47.6,0.445,0.49721446300587663
2017,07,20.700000000000003,47.625,0.445,0.49721446300587663
2017,07,20.700000000000003,47.7,0.441,0.49675523728066096
2017,07,20.724999999999998,47.7,0.441,0.49675523728066096
2017,07,21.1,47.3,0.458,0.4984821807090846
2017,07,21.125,47.3,0.458,0.4984821807090846
2017,07,21.15,47.400000000000006,0.458,0.4984821807090846
2017,07,21.15,47.425,0.458,0.4984821807090846
2017,07,21.174999999999997,47.4,0.458,0.4984821807090846
2017,07,21.3,47.2,0.458,0.4984821807090846
2017,07,21.325,47.2,0.458,0.4984821807090846
2017,07,21.325000000000003,47.2,0.458,0.4984821807090846
2017,07,23.525,46.75,0.448,0.49753747953651045
2017,07,23.55,46.75,0.448,0.49753747953651045
2017,07,23.55,46.775,0.448,0.49753747953651045
2017,07,23.575,46.75,0.448,0.49753747953651045
2017,07,23.575000000000003,46.75,0.448,0.49753747953651045
2017,07,23.575,46.775,0.448,0.49753747953651045
2017,07,23.6,46.775000000000006,0.448,0.49753747953651045
2017,07,23.625,46.75,0.448,0.49753747953651045
2017,07,24.525,46.525000000000006,0.43,0.49532347546360583
2017,07,24.575,46.5,0.43,0.49532347546360583
2017,07,24.575000000000003,46.525000000000006,0.43,0.49532347546360583
2017,07,24.575,46.55,0.43,0.49532347546360583
2017,07,24.575000000000003,46.55,0.43,0.49532347546360583
2017,07,24.575,46.55,0.43,0.49532347546360583
2017,07,24.575000000000003,46.55,0.43,0.49532347546360583
2017,07,5.925000000000001,51.125,0.476,0.4996735671152454
2017,07,5.95,51.125,0.476,0.4996735671152454
2017,07,5.9750000000000005,51.15,0.476,0.4996735671152454
2017,07,5.9750000000000005,51.150000000000006,0.476,0.4996735671152454
2017,07,6,51.125,0.476,0.4996735671152454
2017,07,6,51.150000000000006,0.476,0.4996735671152454
2017,07,6.025,51.1,0.476,0.4996735671152454
2017,07,6.025,51.125,0.476,0.4996735671152454
2017,07,6.025,51.15,0.476,0.4996735671152454
2017,07,6.025,51.150000000000006,0.476,0.4996735671152454
2017,07,6.050000000000001,51.125,0.476,0.4996735671152454
2017,07,6.050000000000001,51.150000000000006,0.476,0.4996735671152454
2017,07,6.075,51.125,0.476,0.4996735671152454
2017,07,6.075,51.15,0.476,0.4996735671152454
2017,07,6.075,51.150000000000006,0.476,0.4996735671152454
2017,07,6.1000000000000005,51.125,0.476,0.4996735671152454
2017,07,8.025,50.35,0.478,0.4997657108743714
2017,07,8.475,47.175,0.419,0.4936422618482768
2017,07,8.5,47.125,0.419,0.4936422618482768
2017,07,8.5,47.175,0.419,0.4936422618482768
2017,07,8.525,47.15,0.419,0.4936422618482768
2017,07,8.55,47.275,0.432,0.49560228169533443
2017,07,9.575000000000001,47.2,0.044,0.20519772441746548
2017,07,9.575,47.2,0.044,0.20519772441746548
2017,07,9.575000000000001,47.2,0.044,0.20519772441746548
2017,07,9.575,47.2,0.044,0.20519772441746548
2017,07,9.575000000000001,47.25,0.042,0.20068950215762726
2017,07,9.575,47.25,0.042,0.20068950215762726
2017,07,9.575000000000001,47.25,0.042,0.20068950215762726
2017,07,9.575,47.25,0.042,0.20068950215762726
2017,07,9.625,47.2,0.478,0.4997657108743714
2017,07,9.625,47.45,0.415,0.4929685771101623
2017,07,9.65,47.35,0.432,0.49560228169533443
2017,07,9.675,45.75,0.434,0.4958728565770563
2017,07,9.675,47.35,0.432,0.49560228169533443
2017,07,9.675,47.45,0.192,0.39407016036651554
2017,07,9.7,45.725,0.434,0.4958728565770563
2017,07,9.7,45.75,0.434,0.4958728565770563
2017,07,9.7,47.45,0.192,0.39407016036651554
2017,07,9.725,45.725,0.434,0.4958728565770563
2017,07,9.725,47.175,0.463,0.4988786223921405
2017,07,9.725,47.35,0.432,0.49560228169533443
2017,07,9.75,47.175,0.438,0.4963893657225167
2017,07,9.775,47.175,0.438,0.4963893657225167
2017,07,9.8,47.150000000000006,0.452,0.4979396991041626
2017,07,9.825000000000001,47.15,0.452,0.4979396991041626
2017,07,9.825,47.150000000000006,0.452,0.4979396991041626
2017,07,9.825000000000001,47.15,0.452,0.4979396991041626
2017,07,9.825,47.150000000000006,0.452,0.4979396991041626
2017,07,9.825000000000001,47.45,0.464,0.498951854343636
2017,07,9.825,47.45,0.464,0.498951854343636
2017,07,9.85,47.1,0.434,0.4958728565770563
2017,07,9.85,47.45,0.464,0.498951854343636
2017,07,9.875,47.125,0.452,0.4979396991041626
2017,07,9.875,49.8,0.468,0.4992246240173107
2017,07,9.9,49.75,0.468,0.4992246240173107
2017,07,9.9,49.775,0.468,0.4992246240173107
2017,07,9.925,49.75,0.468,0.4992246240173107
2017,07,9.925,49.775,0.468,0.4992246240173107
2017,07,9.925,49.8,0.468,0.4992246240173107
